Region,Service_Type,Type,Num_Branches,Cumulative_Percentage,Branches
AMD,Air Red,Billed Wt,114,67.89626648781585,"B02, B06, B07, B09, B11, B26, B32, B35, B58, B59, B61, C13, C15, C36, C47, C48, C74, E06, E21, H07, H08, H09, H11, H17, H37, H42, H48, H53, H70, H71, H74, H75, H79, H80, H91, I08, I46, J01, J02, J03, J05, J07, J13, J15, J21, K05, K06, K07, K08, K28, K75, L02, L04, L23, L27, M01, M02, M05, M07, M08, M39, M47, M48, N02, N03, N09, N11, N15, N17, N31, N32, N33, N35, N37, O02, O04, O07, O08, O09, O12, O13, O89, P04, P11, P15, P19, P24, Q02, Q06, R32, S01, S02, S03, S04, S09, T13, U01, U03, U06, U09, U10, U13, U139, U24, U30, V05, V08, V09, V10, V13, V16, V58, W52, X22"
AMD,Air Red,Volume,66,43.7441376312599,"B02, B06, B07, B09, B11, B26, B35, B58, B59, B61, C13, C47, E06, E21, H07, H08, H09, H11, H48, H70, H71, H74, H75, H79, H80, J01, J02, J03, K05, L02, L04, M01, M05, M07, M47, N02, N03, N09, N11, N17, N37, O02, O04, O05, O08, O09, O12, O13, P04, P12, P15, P19, P24, Q01, Q06, Q17, S01, S04, S09, U03, U10, V05, V08, V10, V58, X22"
AMD,Air White,Billed Wt,276,90.10208475702797,"B01, B02, B05, B06, B07, B08, B09, B11, B14, B16, B18, B19, B26, B27, B32, B35, B38, B39, B43, B50, B51, B53, B58, B59, B61, B68, C02, C08, C13, C14, C15, C22, C30, C36, C37, C38, C47, C48, C50, C53, C57, C59, C74, E02, E03, E05, E06, E07, E09, E10, E11, E16, E21, E23, H07, H08, H09, H10, H11, H17, H37, H42, H48, H53, H70, H71, H74, H75, H79, H80, H91, H92, H96, H98, I02, I08, I40, I42, I43, I46, J01, J02, J03, J04, J05, J07, J08, J12, J13, J15, J16, J18, J19, J20, J21, J25, J26, J37, J48, K03, K05, K06, K07, K08, K14, K15, K22, K23, K28, K32, K37, K39, K40, K45, K63, K72, K74, K75, K79, K81, K85, L02, L03, L04, L05, L23, L27, M01, M02, M04, M05, M06, M07, M08, M39, M45, M46, M47, M48, M54, M59, M61, M63, M66, M78, M85, M87, N02, N03, N09, N10, N11, N15, N17, N31, N32, N33, N35, N37, N38, N42, O01, O02, O03, O04, O05, O07, O08, O09, O11, O12, O13, O23, O60, O88, O89, O90, O93, P04, P06, P08, P09, P10, P11, P12, P15, P16, P17, P19, P20, P22, P24, P27, P38, P50, Q01, Q02, Q03, Q04, Q06, Q07, Q09, Q11, Q16, Q17, Q34, Q35, R07, R08, R11, R12, R32, S01, S02, S03, S04, S09, S17, S26, S27, T03, T04, T10, T13, T32, U01, U02, U03, U06, U07, U09, U10, U13, U130, U139, U14, U143, U15, U16, U18, U22, U23, U24, U25, U30, U48, V01, V04, V05, V07, V08, V09, V10, V11, V12, V13, V15, V16, V21, V24, V57, V58, W02, W03, W04, W05, W06, W07, W09, W12, W52, X02, X10, X12, X17, X22"
AMD,Air White,Volume,210,81.47267172973443,"B01, B02, B05, B06, B07, B08, B09, B11, B16, B18, B19, B26, B32, B35, B38, B43, B50, B53, B58, B59, B61, B68, C02, C08, C13, C14, C15, C22, C30, C36, C37, C38, C47, C48, C53, C74, E02, E03, E06, E21, E23, H07, H08, H09, H11, H17, H37, H42, H48, H53, H70, H71, H74, H75, H79, H80, H91, H92, H96, H98, I02, I08, I40, I42, I43, I46, J01, J02, J03, J04, J05, J07, J08, J13, J18, J21, J25, J26, K01, K05, K06, K07, K08, K15, K22, K23, K32, K39, K40, K45, K72, K74, K75, K81, L02, L03, L04, L23, L27, M01, M02, M04, M05, M06, M07, M08, M39, M45, M46, M47, M48, M54, M59, M61, M66, M78, M85, M87, N02, N03, N09, N11, N15, N17, N31, N32, N35, N37, N38, N42, O01, O02, O03, O04, O05, O07, O08, O09, O12, O13, O23, O60, O90, P04, P06, P08, P09, P10, P11, P12, P15, P19, P20, P22, P24, P27, P50, Q01, Q02, Q03, Q04, Q06, Q09, Q16, Q17, Q35, R07, R08, R11, R32, S01, S02, S03, S04, S09, S27, T03, T04, T32, U02, U03, U06, U07, U09, U10, U13, U130, U139, U16, U30, U48, V01, V04, V05, V07, V08, V09, V10, V11, V12, V13, V15, V16, V57, V58, W02, W07, W21, W52, X22"
AMD,Ground,Billed Wt,252,87.3293197616683,"B01, B02, B05, B06, B07, B08, B09, B11, B14, B16, B19, B26, B27, B32, B35, B38, B42, B43, B50, B51, B53, B58, B59, B61, B68, C02, C08, C13, C14, C15, C22, C30, C36, C37, C38, C47, C48, C53, C57, C74, E02, E03, E06, E07, E09, E16, E21, E23, H08, H09, H10, H11, H17, H37, H42, H48, H53, H70, H71, H74, H75, H79, H80, H91, H96, I02, I03, I07, I08, I19, I20, I34, I40, I42, I43, I44, I46, J01, J02, J03, J04, J05, J07, J08, J12, J13, J16, J18, J19, J21, J25, J26, J36, K05, K06, K07, K08, K22, K23, K28, K29, K32, K37, K40, K45, K72, K74, K75, K81, K85, L03, L04, L05, L23, L27, M01, M02, M04, M05, M06, M07, M08, M35, M39, M45, M46, M47, M48, M54, M59, M61, M63, M66, M78, M85, N02, N03, N09, N11, N15, N17, N31, N32, N33, N35, N37, N38, O01, O02, O03, O04, O05, O07, O08, O09, O11, O12, O13, O88, P04, P06, P08, P09, P10, P11, P12, P15, P16, P19, P20, P22, P24, P25, P27, P38, P50, P65, Q01, Q02, Q03, Q04, Q06, Q09, Q11, Q12, Q14, Q16, Q35, R02, R04, R07, R08, R11, R12, R32, S01, S02, S04, S17, S26, S27, T03, T04, T05, T06, T10, T13, U01, U02, U03, U06, U07, U09, U10, U13, U130, U133, U139, U14, U143, U15, U16, U23, U24, U25, U26, U30, U48, U95, V01, V04, V05, V07, V08, V09, V11, V13, V15, V16, V58, W02, W03, W04, W06, W07, W12, W23, W52, X02, X10, X22, X25"
AMD,Ground,Volume,3,3.2513379733159136,"P04, P19, S04"
BBI,Air Red,Billed Wt,2,12.182181492455046,"L04, T03"
BBI,Air Red,Volume,1,6.2856385094814975,L04
BBI,Air White,Billed Wt,5,11.890088321884202,"B06, B35, H74, K05, L04"
BBI,Air White,Volume,3,7.915983730953681,"B06, B35, K39"
BBI,Ground,Billed Wt,42,56.65046123161307,"A03, B06, B09, B26, B27, B35, B61, C13, C37, H70, J26, K05, K06, K07, K22, K28, K45, K72, K75, K81, L04, L23, M08, M35, M46, N09, N17, N32, N35, O04, P04, P19, P50, Q35, R19, S02, S04, T03, T04, T09, T10, U06"
BBI,Ground,Volume,1,5.383546063439904,S04
BLR,Air Red,Billed Wt,87,61.70399777331792,"A03, A11, A24, A36, C13, C14, C15, C36, C37, C38, C47, C53, C57, C74, E06, E21, H07, H08, H09, H10, H11, H48, H70, H71, H74, H75, H79, H80, J03, K05, K28, K75, L02, L03, L04, L23, L27, M01, M02, M04, M05, M06, M07, M08, M45, M47, M48, M54, M59, M61, M66, M78, M87, N02, N03, N11, N17, N31, N32, N37, N38, O02, O04, O05, O09, O13, P04, P12, P15, P19, P22, P24, P27, P50, Q06, R32, S01, S02, S04, S09, T10, U03, U10, V08, V58, W52, X22"
BLR,Air Red,Volume,49,40.75274452474212,"A24, A36, A46, C13, C14, C36, C37, C47, E21, H08, H09, H11, H70, H71, H79, H80, J03, L02, L04, M01, M04, M05, M06, M07, M08, M45, M47, M48, M54, M59, M61, M78, M87, N11, N32, N38, O02, O04, O05, P04, P12, P15, P19, P24, P27, S01, S04, V08, V58"
BLR,Air White,Billed Wt,251,90.59636529393404,"A02, A03, A05, A07, A11, A16, A18, A24, A36, A38, A44, A46, A48, A50, C02, C08, C13, C14, C15, C22, C30, C36, C37, C38, C47, C48, C50, C53, C57, C59, C74, E02, E03, E06, E07, E09, E11, E16, E21, E23, E24, H07, H08, H09, H10, H11, H17, H37, H42, H48, H53, H70, H71, H74, H75, H79, H80, H91, H92, H96, H98, I02, I08, I42, I43, I46, J01, J02, J03, J04, J05, J07, J08, J13, J15, J16, J18, J19, J20, J21, J25, J26, J39, K01, K05, K06, K07, K08, K14, K22, K23, K28, K32, K39, K40, K68, K72, K74, K75, K81, L02, L03, L04, L05, L23, L27, M01, M02, M04, M05, M06, M07, M08, M35, M39, M45, M46, M47, M48, M54, M59, M61, M66, M68, M78, M85, M87, N02, N03, N09, N10, N11, N15, N17, N31, N32, N33, N35, N37, N38, N42, O01, O02, O03, O04, O05, O07, O08, O09, O11, O12, O13, O23, O25, O60, O88, O89, O90, O93, P04, P06, P08, P09, P10, P11, P12, P15, P19, P20, P22, P24, P27, P50, P65, Q01, Q02, Q03, Q04, Q06, Q09, Q11, Q17, Q35, R07, R08, R11, R32, S01, S02, S03, S04, S09, S17, S26, S27, T03, T04, T10, T32, U01, U02, U03, U06, U07, U09, U10, U13, U130, U139, U143, U15, U18, U23, U24, U30, U48, V01, V04, V05, V07, V08, V09, V10, V11, V12, V13, V15, V16, V21, V22, V24, V32, V57, V58, W02, W03, W04, W07, W21, W22, W23, W52, X02, X05, X06, X10, X17, X19, X22, X32, X34"
BLR,Air White,Volume,188,84.37548666699297,"A02, A03, A05, A11, A24, A36, A46, A48, C02, C08, C13, C14, C15, C22, C30, C36, C37, C38, C47, C48, C50, C53, C57, C74, E02, E03, E06, E07, E09, E11, E16, E21, E23, H07, H08, H09, H10, H11, H17, H37, H42, H48, H53, H70, H71, H74, H75, H79, H80, H91, H92, H96, H98, I08, I42, I43, I46, J01, J02, J03, J05, J13, J21, K01, K05, K06, K07, K08, K39, K68, K74, K75, K81, L02, L03, L04, L23, L27, M01, M02, M04, M05, M06, M07, M08, M39, M45, M46, M47, M48, M54, M59, M61, M66, M68, M78, M85, M87, N02, N03, N09, N10, N11, N15, N17, N31, N32, N35, N37, N38, N42, O01, O02, O03, O04, O05, O07, O08, O09, O11, O12, O13, O23, O60, O88, O89, O90, P04, P06, P09, P10, P11, P12, P15, P19, P22, P24, P27, P50, Q01, Q02, Q03, Q04, Q06, Q17, R11, R32, S01, S02, S03, S04, S09, S17, S26, S27, T03, T04, T32, U03, U06, U09, U10, U13, U130, U139, U30, U48, V01, V04, V05, V07, V08, V09, V10, V11, V12, V13, V15, V16, V21, V24, V32, V57, V58, W02, W04, W52, X22"
BLR,Ground,Billed Wt,264,94.00463554290044,"A03, A05, A07, A11, A18, A24, A33, A36, A38, A44, A48, A49, A50, C02, C08, C13, C14, C15, C22, C30, C36, C37, C38, C47, C48, C50, C53, C57, C59, C60, C73, C74, E02, E03, E05, E06, E07, E09, E10, E11, E16, E20, E21, E23, E24, H07, H08, H09, H10, H11, H17, H37, H42, H48, H53, H70, H71, H74, H75, H79, H80, H91, H92, H96, H98, I02, I03, I08, I42, I45, I46, J01, J02, J03, J04, J05, J07, J08, J12, J13, J15, J18, J19, J21, J25, J26, J37, K05, K06, K07, K08, K14, K22, K23, K28, K32, K40, K45, K51, K72, K74, K75, K81, K85, L03, L04, L05, L23, L27, M01, M02, M04, M05, M06, M07, M08, M35, M39, M45, M46, M47, M48, M54, M57, M59, M61, M63, M66, M78, M85, M87, N02, N03, N09, N10, N11, N15, N17, N31, N32, N33, N35, N37, N38, N42, O01, O02, O03, O04, O05, O07, O08, O09, O11, O12, O13, O14, O23, O25, O60, O88, O89, O90, O93, P04, P06, P08, P09, P10, P11, P12, P13, P15, P17, P19, P20, P22, P24, P25, P27, P38, P50, P57, P65, P73, Q02, Q03, Q04, Q06, Q09, Q11, Q12, Q13, Q16, Q35, R08, R11, R12, R19, R32, S01, S02, S04, S26, S27, T03, T04, T10, T13, T15, U01, U02, U03, U06, U07, U09, U10, U13, U139, U14, U143, U15, U16, U18, U22, U23, U24, U26, U30, U45, U48, U79, V01, V04, V05, V07, V08, V09, V10, V11, V12, V13, V15, V16, V21, V22, V24, V32, V57, V58, W02, W03, W04, W05, W06, W07, W23, W52, X02, X05, X06, X10, X19, X22"
BLR,Ground,Volume,32,33.224784841382046,"C13, C14, C30, C36, C37, C38, C47, C53, E06, E21, H08, H09, H11, H48, H70, H71, H79, H80, L04, M01, M05, M08, O02, O04, O05, O13, P04, P24, S04, U03, V08, V58"
CCU,Air Red,Billed Wt,82,60.67696429978717,"A24, A36, A46, B06, B07, B08, B09, B11, B26, B35, B58, B59, B61, C13, C14, C36, C37, C47, E21, H07, H08, H09, H11, H70, H74, I42, J01, J03, L02, L04, L27, M01, M02, M05, M06, M07, M08, M45, M48, M54, M61, M78, N02, N03, N09, N10, N11, N17, N33, N35, O02, O04, O05, P04, P12, P15, P24, P27, Q01, Q04, Q06, R29, S01, S04, S17, S26, T03, T04, T10, T32, U01, U03, U06, U10, U139, V58, W02, W05, W52, X02, X05, X22"
CCU,Air Red,Volume,58,45.29165332479448,"A11, A24, A36, A46, B06, B07, B09, B11, B26, B35, B58, B59, B61, C13, C14, C47, E21, H08, H70, I42, J01, J03, L02, L04, M01, M02, M05, M07, M08, M45, M48, M54, M61, M78, M87, N02, N03, N10, N11, N17, O04, P04, P12, P15, P24, P27, Q01, S01, S04, S17, T03, T04, T32, U03, V58, W02, W52, X22"
CCU,Air White,Billed Wt,152,75.4810622551154,"A03, A11, A24, A36, A46, B01, B06, B07, B08, B09, B11, B26, B32, B35, B58, B59, B61, C13, C14, C15, C30, C36, C37, C38, C47, C48, C74, E02, E06, E21, H08, H09, H11, H48, H70, H71, H74, H79, H80, I02, I42, I46, J01, J02, J03, J05, J13, J21, L02, L03, L04, L23, L27, M01, M02, M04, M05, M06, M07, M08, M39, M45, M46, M47, M48, M54, M59, M61, M66, M78, M87, N02, N03, N09, N10, N11, N17, N31, N32, N33, N35, N38, N42, O02, O04, O05, O07, P04, P12, P15, P19, P22, P24, P27, P50, Q02, Q04, Q06, Q11, R07, R08, R11, R32, S01, S02, S03, S04, S09, S17, S26, S27, T03, T04, T10, T32, U02, U03, U06, U09, U10, U130, U139, U30, U48, V05, V08, V58, W02, W03, W04, W05, W06, W07, W09, W12, W21, W22, W52, X02, X05, X06, X10, X13, X15, X17, X18, X19, X22, X26, X30, X34, X38"
CCU,Air White,Volume,119,67.19429506663552,"A02, A03, A11, A24, A36, A46, B06, B07, B08, B09, B11, B26, B35, B58, B59, B61, C13, C14, C36, C47, E21, H08, H09, H11, H48, H70, H71, H74, H79, H80, I08, I42, I46, J03, L02, L03, L04, L27, M01, M02, M04, M05, M06, M07, M08, M39, M45, M46, M47, M48, M54, M59, M61, M66, M78, M87, N02, N03, N09, N10, N11, N17, N31, N32, N35, N42, O04, P04, P12, P15, P19, P22, P24, P27, Q01, Q02, Q06, Q17, R07, R08, R11, R32, S01, S02, S03, S04, S09, S17, T03, T04, T09, T13, T32, U03, U09, U10, U130, U30, U48, V08, V58, W02, W03, W04, W05, W06, W07, W12, W21, W52, W57, X02, X05, X06, X10, X13, X17, X22, X30"
CCU,Ground,Billed Wt,295,95.08722277725153,"A03, A05, A11, A16, A18, A24, A27, A36, A38, A44, A47, A48, A50, B01, B02, B05, B06, B07, B08, B09, B11, B14, B16, B18, B19, B26, B27, B32, B35, B58, B59, B61, B68, C02, C08, C13, C14, C15, C22, C36, C37, C38, C47, C48, C50, C53, E02, E03, E06, E10, E11, E21, H08, H09, H10, H11, H17, H37, H42, H48, H53, H70, H71, H74, H79, H80, H91, H92, H96, H98, I02, I07, I08, I19, I29, I34, I42, I43, I46, J01, J02, J03, J04, J05, J07, J08, J11, J12, J13, J14, J16, J18, J19, J20, J21, J25, J26, J36, J50, L03, L04, L05, L23, L27, M01, M02, M04, M05, M06, M07, M08, M35, M39, M45, M46, M47, M48, M54, M59, M61, M63, M66, M78, M85, N02, N03, N09, N10, N11, N15, N17, N31, N32, N33, N35, N37, N38, N42, O01, O02, O04, O05, O08, O13, O23, O89, P04, P06, P08, P09, P10, P11, P12, P15, P16, P17, P19, P20, P22, P24, P25, P27, P32, P38, P50, P56, Q01, Q02, Q03, Q04, Q06, Q09, Q11, Q12, Q13, Q14, Q16, Q34, Q35, Q41, R02, R07, R08, R10, R11, R13, R19, R29, R32, S01, S02, S04, S17, S26, S27, T03, T04, T05, T06, T07, T09, T10, T13, T15, T16, T18, T26, T32, T34, T36, T38, T39, T40, T42, T85, T86, T87, U01, U02, U03, U06, U07, U09, U10, U12, U13, U130, U133, U139, U142, U143, U145, U16, U17, U20, U23, U25, U27, U30, U31, U44, U45, U48, U79, V01, V05, V08, V09, V10, V12, V13, V15, V16, V21, V32, V57, V58, W02, W03, W04, W05, W06, W07, W08, W09, W12, W14, W15, W21, W22, W23, W40, W52, X02, X05, X06, X07, X10, X13, X15, X17, X18, X19, X22, X25, X26, X27, X28, X29, X30, X32, X33, X34, X38, X39"
CCU,Ground,Volume,15,22.57325682982693,"B06, B35, N35, S04, T03, T04, T10, W02, W03, W05, W06, W07, W52, X02, X22"
CHE,Air Red,Billed Wt,33,41.555815207621784,"A50, B06, B07, B08, B09, B11, B26, B35, B58, B59, B61, E06, E21, H08, H70, H79, K28, K75, L04, M01, M06, M07, M08, M54, M78, O05, P04, P50, S01, S02, S04, S26, V58"
CHE,Air Red,Volume,15,23.657664466990333,"B06, B07, B09, B11, B26, B35, B58, B59, B61, E21, H08, H70, H79, M01, V58"
CHE,Air White,Billed Wt,143,77.03351561458003,"A03, A07, A11, A24, A36, A49, A50, B01, B02, B06, B07, B08, B09, B11, B14, B16, B26, B27, B35, B38, B58, B59, B61, B68, E02, E03, E05, E06, E07, E09, E10, E11, E16, E21, E23, E24, H07, H08, H09, H10, H11, H17, H48, H70, H71, H74, H75, H79, H80, H91, H96, I43, I46, J02, J03, J12, J26, K05, K07, K28, L03, L04, L05, L23, M01, M04, M05, M06, M07, M08, M39, M45, M46, M47, M48, M54, M59, M66, N02, N03, N11, N17, N31, N32, N33, N35, N37, O01, O02, O03, O04, O05, O07, O08, O09, O12, O13, O23, O90, P04, P08, P09, P12, P15, P19, P22, P24, P27, P50, P65, P73, Q02, Q06, Q35, R11, R32, S01, S02, S04, S17, S27, T03, T10, U03, U09, U139, U18, V01, V04, V05, V08, V09, V10, V12, V13, V15, V16, V57, V58, W02, W52, X10, X22"
CHE,Air White,Volume,94,71.79289201771319,"A11, A46, B01, B02, B06, B07, B08, B09, B11, B14, B18, B19, B26, B27, B35, B43, B58, B59, B61, B68, E02, E03, E05, E06, E07, E09, E10, E11, E16, E21, E23, H07, H08, H09, H10, H11, H17, H37, H42, H48, H53, H70, H71, H74, H75, H79, H80, H91, H92, H96, L04, M01, M05, M06, M07, M08, M45, M47, N32, O01, O02, O03, O04, O05, O07, O08, O09, O11, O12, O13, O23, O90, P04, P12, P19, P24, P27, P50, S04, V01, V04, V05, V07, V08, V09, V10, V12, V13, V15, V16, V21, V32, V57, V58"
CHE,Ground,Billed Wt,232,93.02544801930595,"A03, A05, A07, A11, A16, A18, A24, A36, A49, A50, B01, B02, B05, B06, B07, B08, B09, B11, B14, B16, B18, B19, B26, B27, B32, B35, B38, B39, B41, B42, B43, B47, B50, B53, B58, B59, B61, B65, B68, E02, E03, E05, E06, E07, E09, E10, E11, E16, E20, E21, E23, E24, H07, H08, H09, H10, H11, H17, H37, H42, H48, H53, H70, H71, H74, H75, H79, H80, H91, H92, H96, H98, I02, I03, I08, I40, I43, I46, J01, J02, J03, J05, J08, J11, J13, J16, J18, J20, J21, J25, K05, K06, K07, K14, K23, K28, K37, K40, K72, K74, K81, L03, L04, L05, L23, M01, M02, M04, M05, M06, M07, M08, M35, M39, M45, M46, M47, M54, M59, M61, M66, M78, N02, N03, N09, N11, N17, N31, N32, N35, N37, N38, O01, O02, O03, O04, O05, O07, O08, O09, O11, O12, O13, O17, O25, O60, O88, O89, O90, O93, P04, P06, P08, P09, P10, P11, P12, P15, P16, P19, P20, P22, P24, P27, P50, P58, P65, P73, Q02, Q03, Q04, Q06, Q09, Q11, Q12, Q16, Q34, Q35, R04, R08, R11, R32, S01, S02, S04, S17, S27, T03, T04, T10, T36, T40, U01, U02, U03, U06, U07, U09, U139, U143, U19, U23, U24, U30, U48, V01, V04, V05, V07, V08, V09, V10, V11, V12, V13, V15, V16, V21, V22, V24, V32, V57, V58, W02, W06, W07, W09, W12, W52, X02, X10, X22"
CHE,Ground,Volume,25,34.45921049399399,"B02, B06, B07, B08, B09, B27, B35, B58, B59, B61, E02, E03, E06, E16, E21, E23, H70, H80, O04, O05, V01, V05, V08, V09, V58"
CJB,Air Red,Billed Wt,6,12.669012780144492,"B06, B35, B59, C47, H70, L04"
CJB,Air Red,Volume,11,28.97578903252842,"B06, B07, B09, B11, B26, B35, B58, B59, B61, C47, H70"
CJB,Air White,Billed Wt,93,69.90558160447053,"A03, A05, A11, A36, A46, B01, B02, B06, B07, B08, B09, B11, B26, B27, B35, B58, B59, B61, B68, C02, C08, C13, C14, C15, C22, C30, C36, C37, C38, C47, C48, C50, C53, C59, C74, H07, H08, H09, H11, H48, H70, H71, H74, H75, H79, H80, J03, K05, K28, K72, L04, L23, M01, M05, M06, M07, M08, M45, M46, M47, M61, M78, N02, N03, N10, N32, O01, O02, O03, O04, O05, O07, O08, O09, O11, O12, O13, O23, O90, P04, P12, P15, P24, Q06, S04, S17, V01, V04, V05, V08, V09, V10, V58"
CJB,Air White,Volume,75,71.51905471577608,"A11, A46, B01, B02, B06, B07, B08, B09, B11, B18, B26, B27, B35, B58, B59, B61, B68, C02, C08, C13, C14, C15, C22, C30, C36, C37, C38, C47, C48, C50, C53, C57, C59, C74, H07, H08, H09, H11, H48, H70, H71, H74, H75, H79, H80, J03, M01, M05, M06, M07, M08, M45, M47, O01, O02, O03, O04, O05, O07, O08, O09, O11, O12, O13, O23, O90, P04, V01, V04, V05, V08, V09, V10, V13, V58"
CJB,Ground,Billed Wt,128,87.75989144744602,"A03, A11, B01, B02, B05, B06, B07, B08, B09, B11, B14, B16, B18, B19, B26, B27, B32, B35, B38, B41, B42, B47, B50, B53, B58, B59, B61, B62, B63, B68, C02, C08, C13, C14, C15, C22, C30, C36, C37, C38, C47, C48, C50, C53, C57, C59, C73, C74, H08, H09, H10, H11, H17, H37, H42, H48, H53, H70, H71, H74, H79, H80, H91, H92, H96, H98, J03, J05, K05, K06, K07, K28, K72, L04, L23, M01, M02, M04, M06, M07, M08, M35, M46, M47, M48, M54, M66, N32, N33, O01, O02, O03, O04, O05, O07, O08, O09, O11, O12, O13, O21, O25, O90, P04, P12, P19, P27, P50, R11, S04, T10, U03, V01, V04, V05, V07, V08, V09, V10, V13, V15, V16, V21, V24, V57, V58, W52, X10"
CJB,Ground,Volume,9,19.227044228197222,"B06, B07, B35, B59, C13, C14, C22, C37, C47"
COK,Air Red,Billed Wt,15,34.76384612048402,"B01, B06, B09, B11, B26, B35, B59, B61, C47, E02, E11, E21, H70, L04, S04"
COK,Air Red,Volume,16,33.53962264150945,"B01, B06, B07, B09, B11, B26, B35, B58, B59, B61, C13, C47, E11, E21, H70, L04"
COK,Air White,Billed Wt,51,59.322366943633504,"A46, B01, B02, B06, B07, B08, B09, B11, B18, B26, B35, B53, B58, B59, B61, C02, C08, C13, C14, C15, C22, C30, C36, C37, C38, C47, C48, C50, C74, E02, E03, E06, E09, E11, E21, E23, H08, H09, H70, H71, H80, L04, M01, M07, M08, M47, N03, N10, P04, V08, V58"
COK,Air White,Volume,57,67.1755641408376,"A46, B01, B02, B06, B07, B08, B09, B11, B18, B26, B27, B35, B38, B53, B58, B59, B61, C02, C08, C13, C14, C15, C22, C30, C36, C37, C38, C47, C48, C50, C53, C74, E02, E03, E06, E07, E09, E10, E11, E16, E21, E23, H08, H09, H11, H70, H71, H79, H80, M01, M06, M07, M08, M47, P04, V08, V58"
COK,Ground,Billed Wt,100,77.56605161191187,"A03, A11, A50, B01, B02, B06, B07, B08, B09, B11, B14, B16, B18, B26, B27, B32, B35, B38, B39, B43, B50, B53, B58, B59, B61, B68, C02, C08, C13, C14, C15, C22, C30, C36, C37, C38, C47, C48, C50, C53, C57, C74, E02, E03, E06, E07, E09, E11, E16, E21, E23, H08, H09, H10, H11, H48, H70, H71, H74, H79, H80, H96, K06, K28, L04, L23, M01, M02, M04, M05, M07, M08, M35, M46, M47, M48, M54, M78, N02, N03, N11, N32, N35, N38, P04, P09, P12, P19, P24, P25, P50, Q06, S01, S04, V05, V08, V16, V24, V58, W52"
COK,Ground,Volume,7,16.91195063976126,"B01, B06, B07, B08, B35, B59, E21"
DDL,Air Red,Billed Wt,224,89.28281682745389,"A02, A03, A05, A07, A11, A18, A24, A36, A38, A44, A46, A48, A50, B01, B02, B05, B06, B07, B08, B09, B11, B14, B16, B26, B27, B32, B35, B43, B53, B58, B59, B61, B68, C02, C08, C13, C14, C15, C30, C36, C37, C38, C47, C48, C53, C73, C74, E02, E03, E06, E21, H07, H08, H09, H10, H11, H48, H70, H71, H74, H75, H79, H80, H96, I02, I08, I40, I42, I43, I46, J01, J02, J03, J04, J05, J07, J08, J12, J13, J14, J15, J16, J18, J19, J21, J25, J26, J37, K01, K05, K06, K07, K08, K14, K15, K22, K23, K28, K39, K45, K68, K72, K74, K75, K81, K88, L02, L03, L04, L23, L27, M01, M02, M04, M05, M06, M07, M08, M35, M39, M45, M46, M47, M48, M54, M59, M61, M66, M68, M78, M85, M87, O02, O04, O05, O08, O09, O12, O13, O23, P04, P09, P11, P12, P15, P19, P22, P24, P27, P50, P65, Q01, Q02, Q03, Q04, Q06, Q09, Q11, Q12, Q14, Q16, Q17, Q34, Q35, Q41, R07, R08, R11, R32, S01, S02, S03, S04, S09, S17, S26, S27, T03, T04, T05, T10, T32, U01, U02, U03, U06, U07, U09, U10, U12, U13, U130, U139, U14, U143, U15, U16, U17, U18, U19, U20, U23, U24, U25, U26, U30, U45, U48, V01, V05, V07, V08, V09, V11, V16, V58, W02, W07, W21, W52, X02, X06, X10, X22"
DDL,Air Red,Volume,215,85.20401347452946,"A02, A03, A05, A07, A11, A18, A24, A36, A38, A46, A48, B01, B02, B05, B06, B07, B08, B09, B11, B14, B16, B18, B26, B27, B32, B35, B50, B58, B59, B61, B68, C02, C08, C13, C14, C15, C30, C36, C37, C38, C47, C48, C53, C74, E02, E06, E21, H07, H08, H09, H10, H11, H17, H48, H53, H70, H71, H74, H79, H80, H91, H96, I02, I08, I42, I43, I46, J01, J02, J03, J04, J05, J07, J08, J12, J13, J14, J15, J16, J18, J19, J20, J21, J25, J26, J37, J39, J50, J54, K01, K04, K05, K06, K07, K08, K14, K15, K23, K28, K39, K68, K72, K74, K75, K81, K88, L02, L03, L04, L23, L27, M01, M02, M04, M05, M06, M07, M08, M39, M45, M46, M47, M48, M54, M59, M61, M66, M68, M78, M85, M87, O02, O04, O05, O07, O08, O09, O12, O13, O23, P04, P09, P11, P12, P15, P19, P22, P24, P27, P50, Q01, Q02, Q03, Q04, Q06, Q09, Q11, Q13, Q14, Q16, Q17, Q34, Q35, R07, R08, R11, R32, S01, S02, S03, S04, S09, S17, S26, S27, T03, T04, T05, T32, U01, U02, U03, U06, U07, U09, U10, U12, U13, U130, U139, U14, U143, U15, U16, U18, U19, U23, U24, U25, U30, U48, V01, V04, V05, V08, V09, V10, V58, W02, W07, W21, W52, X02, X06, X22"
DDL,Air White,Billed Wt,396,98.67898682105698,"A02, A03, A05, A07, A11, A16, A18, A24, A27, A33, A36, A38, A44, A46, A47, A48, A49, A50, B01, B02, B05, B06, B07, B08, B09, B11, B13, B14, B16, B18, B19, B26, B27, B32, B35, B38, B39, B41, B42, B43, B47, B50, B51, B53, B58, B59, B61, B62, B63, B64, B65, B68, C02, C08, C13, C14, C15, C22, C30, C36, C37, C38, C47, C48, C50, C53, C57, C59, C60, C73, C74, E02, E03, E05, E06, E07, E09, E10, E11, E16, E20, E21, E23, H07, H08, H09, H10, H11, H17, H37, H42, H48, H53, H70, H71, H74, H75, H79, H80, H91, H92, H96, H98, I02, I03, I07, I08, I11, I19, I30, I40, I42, I43, I44, I46, J01, J02, J03, J04, J05, J06, J07, J08, J11, J12, J13, J14, J15, J16, J17, J18, J19, J20, J21, J25, J26, J36, J37, J39, J48, J50, J54, K01, K03, K04, K05, K06, K07, K08, K129, K14, K15, K22, K23, K28, K29, K32, K37, K39, K40, K45, K51, K56, K63, K68, K72, K74, K75, K79, K81, K85, K88, L02, L03, L04, L05, L23, L27, L28, M01, M02, M04, M05, M06, M07, M08, M35, M39, M45, M46, M47, M48, M54, M57, M59, M61, M63, M66, M68, M78, M85, M87, O01, O02, O03, O04, O05, O07, O08, O09, O11, O12, O13, O21, O23, O25, O60, O88, O89, O90, O93, P04, P06, P08, P09, P10, P11, P12, P13, P15, P16, P17, P19, P20, P22, P24, P25, P27, P32, P38, P50, P56, P57, P61, P65, P72, P73, Q01, Q02, Q03, Q04, Q06, Q07, Q09, Q10, Q11, Q12, Q13, Q14, Q16, Q17, Q34, Q35, Q40, Q41, Q44, Q48, R02, R04, R07, R08, R11, R12, R13, R19, R28, R29, R32, S01, S02, S03, S04, S09, S17, S26, S27, T03, T04, T05, T06, T07, T09, T10, T13, T15, T16, T26, T32, T34, T36, T40, T42, T89, U01, U02, U03, U06, U07, U09, U10, U12, U13, U130, U133, U135, U139, U14, U140, U141, U143, U145, U15, U16, U17, U18, U19, U20, U21, U22, U23, U24, U25, U26, U27, U28, U30, U31, U44, U45, U48, U77, U78, U79, U95, V01, V04, V05, V07, V08, V09, V10, V11, V12, V13, V15, V16, V21, V24, V57, V58, W02, W03, W04, W05, W06, W07, W08, W09, W12, W21, W22, W23, W40, W52, W57, X02, X05, X06, X07, X10, X13, X14, X15, X17, X18, X19, X22, X25, X26, X27, X28, X30, X32, X34, X38, X39"
DDL,Air White,Volume,358,97.18960596425357,"A02, A03, A05, A07, A11, A16, A18, A24, A27, A33, A36, A38, A44, A46, A47, A48, A49, A50, B01, B02, B05, B06, B07, B08, B09, B11, B14, B16, B18, B19, B26, B27, B32, B35, B38, B39, B41, B42, B43, B47, B50, B51, B53, B58, B59, B61, B65, B68, C02, C08, C13, C14, C15, C22, C30, C36, C37, C38, C47, C48, C50, C53, C57, C74, E02, E03, E06, E07, E09, E11, E16, E21, E23, H07, H08, H09, H10, H11, H17, H37, H42, H48, H53, H70, H71, H74, H75, H79, H80, H91, H92, H96, H98, I02, I03, I07, I08, I19, I20, I34, I40, I42, I43, I46, J01, J02, J03, J04, J05, J06, J07, J08, J11, J12, J13, J14, J15, J16, J17, J18, J19, J20, J21, J25, J26, J36, J37, J39, J48, J50, J54, K01, K04, K05, K06, K07, K08, K129, K14, K15, K22, K23, K28, K32, K37, K39, K40, K45, K51, K68, K72, K74, K75, K81, K85, K88, L02, L03, L04, L05, L23, L27, L28, M01, M02, M04, M05, M06, M07, M08, M39, M45, M46, M47, M48, M54, M57, M59, M61, M63, M66, M68, M78, M85, M87, O01, O02, O03, O04, O05, O07, O08, O09, O11, O12, O13, O21, O23, O25, O60, O88, O89, O90, O93, P04, P06, P08, P09, P10, P11, P12, P15, P16, P17, P19, P20, P22, P24, P25, P27, P38, P50, P56, P65, P73, Q01, Q02, Q03, Q04, Q06, Q07, Q09, Q10, Q11, Q12, Q13, Q14, Q16, Q17, Q34, Q35, Q40, Q41, Q44, Q48, R02, R04, R07, R08, R11, R12, R19, R29, R32, S01, S02, S03, S04, S09, S17, S26, S27, T03, T04, T05, T06, T07, T09, T10, T13, T15, T26, T32, T34, T36, T42, T89, U01, U02, U03, U06, U07, U09, U10, U12, U13, U130, U133, U135, U139, U14, U140, U141, U143, U145, U15, U16, U17, U18, U19, U20, U21, U22, U23, U24, U25, U26, U27, U28, U30, U31, U45, U48, U77, U78, U79, U95, V01, V04, V05, V07, V08, V09, V10, V11, V12, V13, V15, V16, V57, V58, W02, W03, W04, W05, W06, W07, W09, W12, W21, W22, W23, W52, W57, X02, X05, X06, X07, X10, X13, X15, X17, X18, X19, X22, X25, X32, X34"
DDL,Ground,Billed Wt,431,99.80279762786331,"A02, A03, A05, A07, A11, A16, A18, A24, A27, A33, A36, A38, A44, A45, A46, A47, A48, A49, A50, B01, B02, B05, B06, B07, B08, B09, B11, B13, B14, B16, B18, B19, B26, B27, B32, B35, B38, B39, B41, B42, B43, B47, B50, B51, B53, B58, B59, B61, B62, B63, B64, B65, B68, B95, C02, C08, C13, C14, C15, C22, C30, C36, C37, C38, C47, C48, C50, C53, C57, C59, C60, C73, C74, E02, E03, E05, E06, E07, E09, E10, E11, E16, E20, E21, E23, E24, H07, H08, H09, H10, H11, H17, H37, H42, H48, H53, H70, H71, H74, H75, H79, H80, H91, H92, H96, H98, I02, I03, I07, I08, I11, I16, I19, I20, I29, I30, I34, I39, I40, I41, I42, I43, I44, I45, I46, J01, J02, J03, J04, J05, J06, J07, J08, J11, J12, J13, J14, J15, J16, J17, J18, J19, J20, J21, J25, J26, J36, J37, J39, J48, J50, J54, K01, K03, K05, K06, K07, K08, K119, K129, K14, K15, K22, K23, K27, K28, K29, K32, K37, K39, K40, K45, K51, K63, K68, K72, K74, K75, K79, K81, K84, K85, K88, K89, L02, L03, L04, L05, L23, L27, L28, M01, M02, M04, M05, M06, M07, M08, M35, M39, M45, M46, M47, M48, M54, M57, M59, M61, M63, M66, M68, M78, M85, M87, O01, O02, O03, O04, O05, O07, O08, O09, O11, O12, O13, O14, O21, O23, O25, O60, O88, O89, O90, O93, P04, P06, P08, P09, P10, P11, P12, P13, P15, P16, P17, P19, P20, P22, P24, P25, P27, P29, P32, P38, P50, P56, P57, P58, P60, P61, P62, P65, P72, P73, P74, Q01, Q02, Q03, Q04, Q06, Q07, Q09, Q10, Q11, Q12, Q13, Q14, Q16, Q17, Q18, Q34, Q35, Q40, Q41, Q44, Q48, R02, R04, R07, R08, R10, R11, R12, R13, R19, R28, R29, R32, S01, S02, S03, S04, S09, S17, S26, S27, T03, T04, T05, T06, T07, T09, T10, T13, T15, T16, T18, T26, T32, T34, T36, T38, T39, T40, T42, T85, T86, T87, T88, T89, U01, U02, U03, U06, U07, U09, U10, U12, U13, U130, U133, U135, U139, U14, U140, U141, U142, U143, U145, U15, U16, U17, U18, U19, U20, U21, U22, U23, U24, U25, U26, U27, U28, U30, U31, U44, U45, U48, U77, U78, U79, U83, U95, V01, V04, V05, V07, V08, V09, V10, V11, V12, V13, V15, V16, V21, V22, V24, V32, V57, V58, W02, W03, W04, W05, W06, W07, W08, W09, W12, W14, W15, W21, W22, W23, W40, W52, X02, X05, X06, X07, X10, X12, X13, X14, X15, X17, X18, X19, X22, X25, X26, X27, X28, X29, X30, X32, X34, X37, X38, X39"
DDL,Ground,Volume,292,91.07932204531488,"A02, A03, A05, A07, A11, A16, A18, A24, A36, A38, A44, A46, A48, A50, B01, B02, B05, B06, B07, B08, B09, B11, B14, B16, B18, B19, B26, B27, B32, B35, B38, B43, B50, B51, B53, B58, B59, B61, B68, C02, C08, C13, C14, C15, C22, C30, C36, C37, C38, C47, C48, C53, C74, E02, E03, E06, E21, E23, H07, H08, H09, H10, H11, H17, H37, H42, H48, H53, H70, H71, H74, H75, H79, H80, H91, H96, I02, I08, I19, I40, I42, I43, I46, J01, J02, J03, J04, J05, J06, J07, J08, J11, J12, J13, J14, J15, J16, J17, J18, J19, J20, J21, J25, J26, J36, J37, J39, J48, J50, J54, K01, K05, K06, K07, K08, K14, K15, K22, K23, K28, K32, K37, K39, K40, K45, K68, K72, K74, K75, K81, L02, L03, L04, L05, L23, L27, M01, M02, M04, M05, M06, M07, M08, M35, M39, M45, M46, M47, M48, M54, M59, M61, M66, M68, M78, M85, M87, O02, O03, O04, O05, O07, O08, O09, O11, O12, O13, O23, O90, P04, P06, P08, P09, P10, P11, P12, P15, P16, P17, P19, P20, P22, P24, P27, P50, Q01, Q02, Q03, Q04, Q06, Q07, Q09, Q11, Q12, Q13, Q14, Q16, Q17, Q34, Q35, Q48, R02, R04, R07, R08, R11, R12, R32, S01, S02, S03, S04, S09, S17, S26, S27, T03, T04, T05, T06, T07, T09, T10, T13, T26, T32, T34, T36, T42, T89, U01, U02, U03, U06, U07, U09, U10, U12, U13, U130, U133, U139, U14, U141, U143, U145, U15, U16, U17, U18, U19, U20, U22, U23, U24, U25, U26, U27, U28, U30, U31, U45, U48, U77, U78, U79, U95, V01, V04, V05, V08, V09, V10, V13, V15, V16, V58, W02, W03, W04, W05, W06, W07, W21, W23, W52, X02, X05, X06, X10, X17, X22"
GAU,Air Red,Billed Wt,1,11.19640516757162,W52
GAU,Air Red,Volume,0,0.0,
GAU,Air White,Billed Wt,3,12.023723939611774,"B06, K05, K28"
GAU,Air White,Volume,0,0.0,
GAU,Ground,Billed Wt,9,26.8810654972185,"B61, K05, K28, K72, K74, N35, T03, U14, V01"
GAU,Ground,Volume,0,0.0,
HHPT,Air Red,Billed Wt,52,51.09243071652655,"A11, A36, B06, B07, B08, B35, B59, C13, C15, C60, E02, K05, L02, L04, L27, M01, M05, M07, M08, M46, M47, M48, M59, M61, N02, N03, N09, N10, N11, N15, N17, N31, N37, N38, O02, O04, O12, P04, S01, S02, S04, S17, U02, U03, U06, U09, U10, U13, U15, U30, U48, X22"
HHPT,Air Red,Volume,13,16.721114878835508,"A46, B06, L02, L04, M01, M07, N02, N03, N11, N17, N37, S01, S04"
HHPT,Air White,Billed Wt,203,85.14663875438612,"A02, A03, A05, A11, A24, A33, A36, A46, A48, B01, B02, B06, B07, B08, B09, B11, B14, B16, B26, B32, B35, B43, B50, B58, B59, B61, B68, C02, C08, C13, C14, C15, C22, C30, C36, C37, C38, C47, C48, C53, C74, E02, E03, E06, E21, E23, H07, H08, H09, H11, H37, H48, H53, H70, H71, H74, H79, H80, H96, I02, I08, I42, I43, I46, K01, K05, K06, K07, K08, K15, K23, K28, K39, K45, K68, K72, K74, K75, K81, L02, L03, L04, L05, L23, L27, M01, M02, M04, M05, M06, M07, M08, M39, M45, M46, M47, M48, M54, M59, M61, M66, M68, M78, M85, M87, N02, N03, N09, N10, N11, N15, N17, N31, N32, N33, N35, N37, N38, N42, O02, O03, O04, O05, O12, O13, P04, P06, P08, P09, P11, P12, P15, P19, P22, P24, P27, P50, Q01, Q02, Q03, Q04, Q06, Q07, Q09, Q11, Q13, Q14, Q16, Q17, Q34, Q35, Q48, R08, R11, R32, S01, S02, S03, S04, S09, S17, S26, S27, T03, T10, T32, U01, U02, U03, U06, U07, U09, U10, U12, U13, U130, U139, U14, U143, U15, U16, U17, U18, U19, U20, U21, U22, U23, U24, U25, U30, U48, V01, V05, V08, V09, V58, W02, W52, X02, X07, X12, X22"
HHPT,Air White,Volume,167,82.59006578561204,"A02, A03, A05, A11, A24, A36, A46, A48, B01, B02, B06, B07, B08, B09, B11, B26, B32, B35, B58, B59, B61, C13, C14, C36, C47, C48, E02, E21, H07, H08, H09, H11, H48, H70, H71, H74, H79, H80, I02, I08, I42, I43, I46, K01, K05, K06, K07, K08, K15, K39, K74, K75, K81, L02, L03, L04, L05, L23, L27, M01, M02, M04, M05, M06, M07, M08, M39, M45, M46, M47, M48, M54, M59, M61, M66, M68, M78, M85, M87, N02, N03, N09, N10, N11, N15, N17, N31, N32, N33, N35, N37, N38, N42, O02, O04, O05, O12, P04, P09, P12, P15, P19, P22, P24, P27, P50, Q01, Q02, Q03, Q04, Q06, Q07, Q09, Q11, Q12, Q13, Q14, Q16, Q17, Q34, Q35, Q48, R08, R11, R32, S01, S02, S03, S04, S09, S17, S26, S27, T03, T04, T32, U01, U02, U03, U06, U07, U09, U10, U12, U13, U130, U139, U14, U143, U15, U16, U17, U18, U19, U20, U21, U22, U23, U24, U25, U30, U48, V08, V58, W02, W52, X22"
HHPT,Ground,Billed Wt,319,95.444312167753,"A03, A05, A11, A16, A18, A24, A27, A36, A38, A44, A48, A50, B01, B02, B05, B06, B07, B08, B09, B11, B14, B16, B18, B19, B26, B27, B32, B35, B38, B42, B43, B47, B50, B53, B58, B59, B61, B62, B68, C02, C08, C13, C14, C15, C22, C30, C36, C37, C38, C47, C48, C53, C74, E02, E03, E05, E06, E09, E11, E16, E21, E23, H08, H09, H10, H11, H17, H37, H42, H48, H53, H70, H71, H74, H79, H80, H91, H92, H96, H98, I02, I03, I08, I16, I19, I34, I40, I42, I43, I44, I46, K03, K05, K06, K07, K08, K14, K15, K22, K23, K28, K29, K32, K37, K40, K45, K63, K72, K74, K75, K79, K81, K85, L02, L03, L04, L05, L23, L27, L28, M01, M02, M04, M05, M06, M07, M08, M35, M39, M45, M46, M47, M48, M54, M59, M61, M63, M66, M78, N02, N03, N09, N10, N11, N15, N17, N31, N32, N33, N35, N37, N38, N42, O01, O02, O03, O04, O05, O07, O08, O09, O12, O13, O90, P04, P06, P08, P09, P10, P11, P12, P13, P15, P16, P17, P19, P20, P22, P24, P27, P38, P50, P56, P65, Q01, Q02, Q03, Q04, Q06, Q07, Q09, Q10, Q11, Q12, Q13, Q14, Q16, Q34, Q35, Q48, R02, R04, R07, R08, R11, R12, R13, R28, R29, R32, S01, S02, S03, S04, S09, S17, S26, S27, T03, T04, T05, T06, T07, T09, T10, T13, T15, T16, T18, T26, T32, T34, T36, T39, T40, T42, T85, T89, U01, U02, U03, U06, U07, U09, U10, U12, U13, U130, U133, U135, U139, U14, U140, U141, U142, U143, U145, U15, U16, U17, U18, U19, U20, U22, U23, U24, U25, U26, U27, U28, U30, U31, U45, U48, U77, U78, U79, U95, V01, V04, V05, V07, V08, V09, V10, V11, V12, V13, V15, V16, V57, V58, W02, W03, W04, W05, W06, W07, W09, W12, W14, W23, W40, W52, X02, X05, X06, X07, X10, X13, X17, X18, X19, X22, X25, X30, X32, X34, X38"
HHPT,Ground,Volume,58,39.076791939414484,"A03, A11, B06, B07, B09, B35, I08, I46, K05, K74, K81, L03, L04, L23, M01, M05, M07, M47, M61, N02, N03, N09, N11, N15, N17, N32, N33, N35, N37, N38, P04, P19, Q02, Q03, Q06, Q16, R32, S01, S02, S04, S09, S27, T03, U02, U03, U06, U07, U09, U10, U13, U139, U14, U15, U16, U19, W02, W52, X22"
HYD,Air Red,Billed Wt,32,41.11740473738415,"B06, B07, B08, B09, B11, B26, B35, B58, B59, B61, C13, C14, C36, C37, J26, L04, M01, M54, N03, P04, P12, V01, V04, V05, V07, V08, V09, V10, V15, V16, V57, V58"
HYD,Air Red,Volume,21,32.71640538981809,"B06, B07, B09, B35, B59, C14, M01, P04, P24, V01, V04, V05, V07, V08, V09, V10, V13, V15, V16, V57, V58"
HYD,Air White,Billed Wt,118,76.72314335629757,"A03, A05, A11, A24, A36, A46, B01, B02, B05, B06, B07, B08, B09, B11, B14, B19, B26, B35, B38, B47, B50, B58, B59, B61, B68, C08, C13, C14, C15, C30, C36, C37, C38, C47, C48, C74, E06, E21, I46, J01, J03, J21, K05, K06, K07, K28, L02, L04, M01, M02, M05, M06, M07, M08, M39, M45, M46, M47, M48, M54, M59, M61, M66, M78, N02, N03, N10, N11, N17, N32, N37, N38, O02, O04, O05, O13, P04, P09, P12, P15, P19, P24, P27, Q04, Q06, R11, R32, S01, S04, S26, T10, U03, U139, U30, U48, V01, V04, V05, V07, V08, V09, V10, V11, V12, V13, V15, V16, V21, V22, V24, V32, V57, V58, W02, W52, X05, X10, X22"
HYD,Air White,Volume,95,78.49890124594083,"A03, A24, A36, A46, B01, B02, B05, B06, B07, B08, B09, B11, B14, B19, B26, B35, B47, B50, B58, B59, B61, B63, B68, C08, C13, C14, C15, C30, C36, C37, C38, C47, C48, C74, E02, E06, E21, K05, L02, L04, M01, M02, M05, M06, M07, M08, M45, M46, M47, M54, M59, M61, M66, M78, M87, N02, N03, N09, N11, N17, N32, O02, O04, O05, P04, P09, P12, P15, P19, P22, P24, P27, R11, R32, S04, V01, V04, V05, V07, V08, V09, V10, V11, V12, V13, V15, V16, V21, V22, V24, V32, V57, V58, W02, W52"
HYD,Ground,Billed Wt,193,90.92277946695205,"A03, A05, A11, A24, A27, A36, A48, A50, B01, B02, B05, B06, B07, B08, B09, B11, B14, B16, B18, B19, B26, B27, B32, B35, B38, B42, B43, B47, B50, B53, B58, B59, B61, B62, B63, B68, B95, C02, C08, C13, C14, C15, C22, C30, C36, C37, C38, C47, C48, C50, C53, C57, C59, C60, C74, E02, E03, E05, E06, E09, E10, E11, E16, E21, E23, I02, I43, I46, J01, J02, J03, J12, J13, J15, J21, J26, K05, K06, K07, K28, K40, K72, K75, K81, L04, L23, L27, M01, M02, M04, M05, M06, M07, M08, M35, M39, M45, M46, M47, M48, M54, M59, M61, M66, M78, N02, N03, N09, N11, N17, N31, N32, N35, N37, N42, O02, O03, O04, O05, O07, O08, O09, O11, O12, O13, O90, P04, P06, P08, P09, P11, P12, P15, P16, P17, P19, P20, P22, P24, P25, P27, P50, Q02, Q03, Q06, Q35, R02, R07, R08, R11, R32, S01, S02, S04, S26, S27, T10, T36, U01, U02, U03, U06, U09, U10, U139, U143, U30, U48, V01, V04, V05, V07, V08, V09, V10, V11, V12, V13, V15, V16, V21, V22, V24, V32, V57, V58, W02, W04, W05, W07, W52, X10, X22"
HYD,Ground,Volume,25,47.90022035384978,"B06, B07, B09, B35, B59, B61, C13, C47, P04, V01, V04, V05, V07, V08, V09, V10, V11, V12, V13, V15, V16, V22, V24, V57, V58"
IDR,Air Red,Billed Wt,2,9.241645244215926,"B26, L04"
IDR,Air Red,Volume,1,5.31476598549769,L04
IDR,Air White,Billed Wt,23,22.452987140499946,"B06, B35, B59, C36, C38, H70, L04, M01, M05, M07, M08, M39, M47, M61, N11, N17, N32, N37, P04, P15, P19, U03, U07"
IDR,Air White,Volume,28,26.681432973805855,"A11, A36, A46, B06, B35, B59, C36, H70, L02, L04, M01, M05, M07, M08, M47, M61, M87, N11, N17, N32, P04, P19, P24, Q01, R11, R32, U03, U07"
IDR,Ground,Billed Wt,108,67.61108870489433,"A03, A05, A11, A24, A36, B01, B02, B05, B06, B07, B08, B09, B18, B26, B27, B32, B35, B58, B59, B61, B68, C13, C36, C53, H11, H70, H79, H80, J01, J02, J03, J26, K05, K06, K23, K28, L04, L23, M01, M04, M05, M06, M07, M08, M35, M39, M46, M47, M48, M54, M61, M66, N02, N03, N10, N11, N17, N31, N32, N35, N37, N38, P04, P09, P12, P15, P19, P22, P24, P27, P50, P56, P65, Q02, Q03, Q04, Q06, Q35, R04, R07, R08, R11, R28, R32, S01, S02, S04, T10, T13, U01, U02, U03, U06, U07, U09, U10, U13, U139, U143, U24, U25, U26, U30, V08, V58, W52, X10, X22"
IDR,Ground,Volume,2,7.991862830572508,"S04, U07"
JAI,Air Red,Billed Wt,18,25.61067488154833,"A36, B06, B35, H70, J01, L02, L04, M01, M78, N03, N17, N42, P24, S01, S04, T10, U139, X22"
JAI,Air Red,Volume,19,23.797898775011976,"A36, A46, B06, B35, B59, H70, L02, L04, M01, M05, M07, M78, N03, N11, N17, P04, P24, S01, S04"
JAI,Air White,Billed Wt,139,69.48572225889367,"A03, A05, A11, A24, A36, A38, A46, A48, B02, B06, B07, B08, B09, B11, B26, B32, B35, B58, B59, B61, C13, C14, C36, C37, C38, C47, C48, C74, E06, E21, H08, H09, H10, H11, H48, H53, H70, H71, H74, H75, H79, H80, I08, I42, I46, J01, J02, J03, J05, J07, J08, J13, J18, J21, J25, J26, K05, K07, K28, K75, K81, L02, L03, L04, L23, L27, M01, M02, M05, M06, M07, M08, M39, M45, M46, M47, M48, M54, M59, M61, M78, N02, N03, N09, N10, N11, N15, N17, N31, N32, N35, N37, N38, N42, O02, O04, O05, P04, P09, P12, P15, P19, P22, P24, P27, P50, R11, R32, S01, S02, S03, S04, S09, S17, S26, S27, T03, U01, U02, U03, U06, U07, U09, U10, U13, U139, U143, U16, U30, U48, V08, V09, V10, V16, V58, W02, W52, X07, X22"
JAI,Air White,Volume,126,67.64655320611999,"A02, A03, A11, A24, A36, A46, A48, B02, B06, B07, B09, B11, B26, B35, B58, B59, B61, C13, C14, C15, C36, C47, E06, E21, H07, H08, H09, H11, H48, H70, H71, H74, H79, H80, I42, I43, I46, J01, J02, J03, J05, J07, J08, J13, J18, J21, J25, J26, K05, K07, K39, K81, L02, L03, L04, L23, L27, M01, M02, M05, M06, M07, M08, M39, M45, M46, M47, M48, M54, M59, M61, M68, M78, M87, N02, N03, N09, N10, N11, N15, N17, N31, N32, N35, N37, N38, N42, O02, O04, O05, P04, P12, P15, P19, P22, P24, P27, R11, R32, S01, S02, S03, S04, S09, S17, S26, S27, T03, T32, U01, U02, U03, U06, U07, U09, U10, U13, U139, U16, U25, U30, U48, V08, V09, V58, X22"
JAI,Ground,Billed Wt,290,91.01411574823382,"A02, A03, A05, A11, A16, A18, A24, A36, A38, A44, A46, A48, A49, A50, B01, B02, B05, B06, B07, B08, B09, B11, B16, B18, B19, B26, B27, B32, B35, B41, B43, B50, B53, B58, B59, B61, B68, C02, C08, C13, C14, C15, C22, C30, C36, C37, C38, C47, C48, C50, C53, C57, C74, E02, E03, E06, E09, E21, E23, H07, H08, H09, H10, H11, H17, H37, H42, H48, H53, H70, H71, H74, H75, H79, H80, H91, H92, H96, I02, I03, I08, I19, I40, I42, I43, I46, J01, J02, J03, J04, J05, J06, J07, J08, J11, J12, J13, J14, J15, J16, J17, J18, J19, J20, J21, J25, J26, J36, J37, J39, J48, K03, K05, K06, K07, K08, K14, K15, K22, K23, K28, K32, K37, K40, K45, K72, K74, K75, K81, K85, L02, L03, L04, L05, L23, L27, M01, M02, M04, M05, M06, M07, M08, M35, M39, M45, M46, M47, M48, M54, M57, M59, M61, M66, M78, M85, M87, N02, N03, N09, N10, N11, N15, N17, N31, N32, N33, N35, N37, N38, N42, O01, O02, O03, O04, O05, O07, O08, O09, O11, O12, O13, O23, O88, O90, P04, P06, P08, P09, P10, P11, P12, P15, P16, P17, P19, P20, P22, P24, P25, P27, P38, P50, P73, R07, R08, R10, R11, R12, R19, R29, R32, S01, S02, S03, S04, S09, S17, S26, S27, T03, T04, T05, T06, T07, T10, T13, T26, T32, T36, T42, U01, U02, U03, U06, U07, U09, U10, U12, U13, U130, U133, U139, U14, U141, U143, U15, U16, U17, U18, U19, U22, U23, U24, U25, U26, U30, U31, U45, U48, U79, U95, V01, V04, V05, V07, V08, V09, V10, V13, V15, V16, V57, V58, W02, W03, W04, W05, W06, W07, W23, W52, X02, X05, X13, X15, X17, X22, X25, X32"
JAI,Ground,Volume,149,68.27837634167702,"A02, A03, A11, A24, A36, A46, A48, B01, B02, B06, B07, B09, B11, B26, B32, B35, B58, B59, B61, C13, C14, C15, C30, C36, C37, C38, C47, C48, E02, E03, E06, E21, H07, H08, H09, H11, H48, H70, H71, H74, H79, H80, I02, I08, I40, I42, I43, I46, J01, J02, J03, J05, J07, J08, J13, J16, J18, J21, J25, J26, K05, K06, K07, K08, K39, K74, K75, K81, L02, L03, L04, L23, L27, M01, M02, M05, M07, M08, M39, M45, M46, M47, M48, M59, M61, M78, M87, N02, N03, N09, N11, N15, N17, N31, N32, N35, N37, N38, N42, O02, O03, O04, O05, O07, O08, O09, O12, O13, O23, P04, P09, P12, P15, P19, P20, P22, P24, P27, R07, R08, R11, R32, S01, S02, S03, S04, S09, S17, S27, T03, T04, T32, U02, U03, U06, U07, U09, U10, U13, U139, U16, U25, U30, U48, V05, V08, V58, W52, X22"
MUM,Air Red,Billed Wt,153,76.7305520351068,"A03, A05, A11, A24, A36, A46, A50, B01, B02, B06, B07, B08, B09, B11, B26, B27, B32, B35, B51, B58, B59, B61, B68, C02, C13, C14, C15, C30, C36, C37, C38, C47, C48, C74, E06, E21, H07, H08, H09, H10, H11, H42, H48, H70, H71, H74, H79, H80, H96, I02, I08, I40, I42, I43, I46, J01, J02, J03, J05, J12, J13, J21, J25, J26, K01, K05, K06, K07, K15, K28, K39, K74, K75, K81, K88, L02, L03, L04, L23, L27, N02, N03, N09, N10, N11, N17, N31, N32, N33, N35, N37, N38, O02, O04, O05, O08, O09, O12, O13, O23, P04, P09, P11, P12, P15, P16, P19, P22, P24, P27, P50, Q01, Q02, Q03, Q04, Q06, Q17, Q35, R07, R08, R11, R32, S01, S02, S03, S04, S09, S17, S26, S27, T03, T10, T32, U01, U03, U06, U07, U09, U10, U13, U139, U143, U30, U48, V05, V08, V16, V58, W02, W52, X10, X12, X22"
MUM,Air Red,Volume,136,70.5225643587079,"A02, A03, A05, A11, A24, A36, A46, A48, B01, B02, B06, B07, B08, B09, B11, B26, B32, B35, B58, B59, B61, C13, C14, C15, C30, C36, C37, C38, C47, C48, E06, E21, H07, H08, H09, H11, H48, H70, H71, H74, H79, H80, I02, I08, I40, I42, I43, I46, J01, J02, J03, J05, J13, J21, K01, K05, K06, K07, K39, K68, K74, K75, K81, K88, L02, L03, L04, L27, N02, N03, N09, N10, N11, N15, N17, N31, N32, N35, N37, N38, O02, O03, O04, O05, O07, O08, O09, O12, O13, O23, P04, P09, P11, P12, P15, P19, P22, P24, P27, P50, Q01, Q02, Q03, Q04, Q06, Q17, R07, R08, R11, R32, S01, S02, S03, S04, S09, S17, S26, T03, T04, T32, U02, U03, U06, U07, U09, U10, U13, U139, U30, U48, V05, V08, V58, W02, W52, X22"
MUM,Air White,Billed Wt,293,92.91351373544471,"A02, A03, A05, A07, A11, A16, A18, A24, A27, A33, A36, A38, A44, A46, A48, A50, B01, B02, B05, B06, B07, B08, B09, B11, B14, B16, B18, B19, B26, B27, B32, B35, B38, B39, B43, B50, B51, B53, B58, B59, B61, B65, B68, C02, C08, C13, C14, C15, C22, C30, C36, C37, C38, C47, C48, C50, C53, C57, C59, C60, C74, E02, E03, E05, E06, E07, E09, E10, E11, E16, E21, E23, E24, H07, H08, H09, H10, H11, H17, H37, H42, H48, H53, H70, H71, H74, H75, H79, H80, H91, H92, H96, H98, I02, I03, I08, I16, I40, I42, I43, I46, J01, J02, J03, J04, J05, J07, J08, J11, J12, J13, J15, J16, J18, J19, J20, J21, J25, J26, K01, K04, K05, K06, K07, K08, K14, K15, K22, K23, K28, K32, K37, K39, K40, K45, K68, K72, K74, K75, K81, K88, L02, L03, L04, L05, L23, L27, N02, N03, N09, N10, N11, N15, N17, N31, N32, N33, N35, N37, N38, N42, O01, O02, O03, O04, O05, O07, O08, O09, O11, O12, O13, O23, O60, O88, O89, O90, O93, P04, P06, P08, P09, P10, P11, P12, P13, P15, P16, P17, P19, P20, P22, P24, P25, P27, P32, P38, P50, P60, P61, P65, P73, Q01, Q02, Q03, Q04, Q06, Q09, Q13, Q14, Q16, Q17, Q35, R02, R04, R07, R08, R11, R12, R28, R32, S01, S02, S03, S04, S09, S17, S26, S27, T03, T04, T05, T07, T10, T13, T32, U01, U02, U03, U06, U07, U09, U10, U13, U130, U139, U14, U143, U15, U16, U18, U19, U20, U22, U23, U24, U25, U30, U48, V01, V04, V05, V07, V08, V09, V10, V11, V12, V13, V15, V16, V57, V58, W02, W03, W04, W05, W06, W07, W12, W14, W21, W52, X02, X05, X06, X07, X10, X15, X17, X18, X22, X32"
MUM,Air White,Volume,259,89.50357436421152,"A02, A03, A05, A07, A11, A16, A18, A24, A33, A36, A38, A44, A46, A48, B01, B02, B05, B06, B07, B08, B09, B11, B14, B16, B18, B19, B26, B27, B32, B35, B38, B39, B43, B50, B51, B53, B58, B59, B61, B65, B68, C02, C08, C13, C14, C15, C22, C30, C36, C37, C38, C47, C48, C53, C74, E02, E03, E06, E09, E11, E16, E21, E23, H07, H08, H09, H10, H11, H17, H37, H42, H48, H53, H70, H71, H74, H75, H79, H80, H91, H96, I02, I03, I08, I40, I42, I43, I46, J01, J02, J03, J04, J05, J07, J08, J12, J13, J15, J16, J18, J19, J21, J25, J26, J54, K01, K04, K05, K06, K07, K08, K15, K22, K23, K28, K32, K39, K40, K45, K68, K72, K74, K75, K81, K88, L02, L03, L04, L23, L27, N02, N03, N09, N10, N11, N15, N17, N31, N32, N33, N35, N37, N38, N42, O01, O02, O03, O04, O05, O07, O08, O09, O11, O12, O13, O23, O60, O88, O89, O90, P04, P06, P08, P09, P10, P11, P12, P13, P15, P16, P17, P19, P20, P22, P24, P25, P27, P32, P38, P50, P60, P65, P73, Q01, Q02, Q03, Q04, Q06, Q09, Q12, Q13, Q14, Q16, Q17, Q35, Q48, R02, R04, R07, R08, R11, R12, R13, R28, R32, S01, S02, S03, S04, S09, S17, S26, S27, T03, T04, T05, T32, U01, U02, U03, U06, U07, U09, U10, U13, U130, U139, U14, U143, U15, U16, U24, U25, U30, U48, V01, V04, V05, V07, V08, V09, V10, V13, V15, V16, V57, V58, W02, W03, W04, W05, W06, W07, W21, W52, X02, X06, X10, X22"
MUM,Ground,Billed Wt,376,98.35011282682042,"A02, A03, A05, A07, A11, A16, A18, A24, A27, A33, A36, A38, A44, A46, A47, A48, A49, A50, B01, B02, B05, B06, B07, B08, B09, B11, B14, B16, B18, B19, B26, B27, B32, B35, B38, B39, B41, B42, B43, B47, B50, B51, B53, B58, B59, B61, B65, B68, C02, C08, C13, C14, C15, C22, C30, C36, C37, C38, C47, C48, C50, C53, C57, C59, C60, C74, E02, E03, E05, E06, E07, E09, E10, E11, E16, E21, E23, H07, H08, H09, H10, H11, H17, H37, H42, H48, H53, H70, H71, H74, H75, H79, H80, H91, H92, H96, H98, I02, I03, I07, I08, I11, I16, I19, I20, I34, I39, I40, I42, I43, I44, I45, I46, J01, J02, J03, J04, J05, J06, J07, J08, J11, J12, J13, J14, J15, J16, J18, J19, J20, J21, J25, J26, J36, J37, J39, J48, J50, J54, K03, K05, K06, K07, K08, K14, K15, K22, K23, K28, K29, K32, K37, K39, K40, K45, K51, K63, K72, K74, K75, K79, K81, K82, K85, K89, L02, L03, L04, L05, L23, L27, N02, N03, N09, N10, N11, N15, N17, N31, N32, N33, N35, N37, N38, N42, O01, O02, O03, O04, O05, O07, O08, O09, O11, O12, O13, O14, O23, O60, O88, O89, O90, O93, P04, P06, P08, P09, P10, P11, P12, P13, P15, P16, P17, P19, P20, P21, P22, P24, P25, P26, P27, P28, P29, P32, P38, P50, P56, P57, P58, P60, P61, P65, P72, P73, P74, Q01, Q02, Q03, Q04, Q06, Q07, Q09, Q11, Q12, Q13, Q14, Q16, Q17, Q18, Q34, Q35, Q40, Q48, R02, R04, R07, R08, R10, R11, R12, R13, R19, R28, R29, R32, S01, S02, S03, S04, S09, S17, S26, S27, T03, T04, T05, T06, T07, T09, T10, T13, T15, T16, T26, T32, T34, T36, T38, T42, T85, T89, U01, U02, U03, U06, U07, U09, U10, U12, U13, U130, U133, U139, U14, U140, U141, U143, U145, U15, U16, U17, U18, U19, U20, U22, U23, U24, U25, U26, U28, U30, U31, U44, U45, U48, U77, U78, U79, V01, V04, V05, V07, V08, V09, V10, V11, V12, V13, V15, V16, V24, V32, V57, V58, W02, W03, W04, W05, W06, W07, W08, W09, W12, W14, W21, W22, W23, W40, W52, X02, X05, X06, X07, X10, X12, X13, X15, X17, X19, X22, X25, X27, X28, X32, X38"
MUM,Ground,Volume,128,63.30736890603856,"A03, A05, A11, A18, A24, A36, A46, A48, B01, B02, B06, B07, B08, B09, B11, B16, B26, B32, B35, B58, B59, B61, C13, C14, C15, C36, C38, C47, C48, E06, E21, H08, H09, H11, H70, H71, H74, H79, H80, I02, I08, I42, I43, I46, J01, J02, J03, J05, J08, J13, J25, K05, K06, K07, K08, K28, K39, K45, K74, K75, K81, L02, L04, N02, N03, N09, N11, N15, N17, N32, N35, N37, N38, O02, O04, O05, O12, P04, P06, P08, P09, P10, P11, P12, P15, P16, P17, P19, P20, P22, P24, P27, P38, P50, Q01, Q02, Q04, Q06, Q35, R04, R07, R11, R12, R32, S01, S02, S04, S17, S27, T03, T04, T10, T32, U02, U03, U06, U07, U09, U10, U139, U48, V05, V08, V58, W02, W52, X02, X22"
NGP,Air Red,Billed Wt,1,5.070644767983929,L04
NGP,Air Red,Volume,1,7.1655590869690755,L04
NGP,Air White,Billed Wt,3,7.882703777335996,"A49, C53, P04"
NGP,Air White,Volume,1,2.774700130064065,P04
NGP,Ground,Billed Wt,25,38.976428271467434,"A49, B06, B35, B61, C53, H70, I08, K05, K06, K28, L04, L23, M01, M08, M35, M46, N32, P04, P09, P12, P19, P22, P24, P50, S04"
NGP,Ground,Volume,0,0.0,
PAT,Air Red,Billed Wt,1,12.414398595258993,L04
PAT,Air Red,Volume,1,10.50912367650372,L04
PAT,Air White,Billed Wt,5,15.645703801855069,"B06, B35, M47, N35, U15"
PAT,Air White,Volume,3,6.386026523728103,"B06, B35, K05"
PAT,Ground,Billed Wt,59,63.159310587929724,"A11, A50, B06, B07, B08, B11, B26, B35, B59, B61, C08, E21, H42, I02, J16, K05, K06, K07, K23, K28, K40, K45, K72, K74, K81, L04, L05, L23, M05, M08, M46, M47, M54, M61, N02, N03, N09, N15, N17, N31, N32, N33, N35, P04, P19, P22, Q03, R08, S02, S04, U03, U139, U25, W02, W05, W06, W12, W23, W52"
PAT,Ground,Volume,1,7.647194112235504,S04
PNQ,Air Red,Billed Wt,55,48.13929413773595,"A36, A44, B06, B07, B08, B09, B27, B35, B58, B59, B61, B68, C13, C53, H09, H70, J01, J03, J13, J26, K28, L02, L04, L23, M01, M04, M05, M06, M07, M08, M39, M46, M47, M48, M59, M61, M66, N02, N09, N10, N11, N17, N31, N32, N35, R11, S01, S02, S04, S09, S27, T04, U10, W12, X22"
PNQ,Air Red,Volume,34,36.170691887631605,"B06, B07, B09, B26, B35, B58, B59, B61, H70, L02, L04, M01, M04, M05, M06, M07, M08, M39, M45, M46, M47, M59, M61, M66, M87, N02, N09, N11, N17, N32, S01, S02, S04, S09"
PNQ,Air White,Billed Wt,144,74.68924087033538,"A02, A03, A05, A11, A24, A36, A38, A46, A48, A50, B01, B02, B06, B07, B08, B09, B11, B14, B16, B26, B27, B32, B35, B58, B59, B61, B68, C08, C13, C14, C30, C36, C37, C38, C47, C48, C53, C57, C60, C74, E06, E21, H08, H09, H11, H17, H48, H70, H71, H74, H79, H80, H96, I08, I43, I46, J01, J02, J03, J12, J13, J21, K05, K06, K07, K15, K28, K40, K72, K74, K75, K81, L02, L03, L04, L23, L27, M01, M02, M04, M05, M06, M07, M08, M35, M39, M45, M46, M47, M48, M54, M57, M59, M61, M63, M66, M68, M78, M85, M87, N02, N03, N09, N11, N17, N31, N32, N33, N35, N37, N38, N42, O05, O13, Q02, Q04, Q06, R04, R11, R12, R29, R32, S01, S02, S04, S09, S27, T03, T04, T32, U03, U09, U10, U139, U23, U30, U48, V05, V08, V16, V58, W02, W52, X22"
PNQ,Air White,Volume,87,63.59725050916494,"A02, A03, A05, A11, A24, A36, A46, A48, B06, B07, B08, B09, B11, B16, B26, B32, B35, B58, B59, B61, C13, C36, C37, C47, C53, E21, H08, H09, H11, H70, H71, H79, H80, I42, I46, J03, K05, L02, L03, L04, L23, L27, M01, M02, M04, M05, M06, M07, M08, M39, M45, M46, M47, M48, M54, M57, M59, M61, M63, M66, M68, M78, M85, M87, N02, N03, N09, N11, N17, N32, Q02, Q06, R02, R04, R11, R12, R13, R28, R32, S01, S02, S04, S09, S27, T03, U03, V58"
PNQ,Ground,Billed Wt,285,93.87436748186357,"A03, A05, A07, A11, A16, A18, A24, A33, A36, A44, A48, A49, A50, B01, B02, B05, B06, B07, B08, B09, B11, B14, B16, B18, B19, B26, B27, B32, B35, B38, B39, B41, B42, B43, B50, B53, B58, B59, B61, B63, B65, B68, B95, C02, C08, C13, C14, C15, C22, C30, C36, C37, C38, C47, C48, C50, C53, C57, C59, C60, C73, C74, E02, E03, E05, E06, E07, E09, E16, E21, E23, H08, H09, H10, H11, H17, H37, H42, H48, H53, H70, H71, H74, H79, H80, H91, H92, H96, H98, I02, I03, I08, I11, I19, I29, I34, I40, I42, I43, I44, I46, J01, J02, J03, J04, J05, J07, J08, J11, J12, J13, J14, J16, J18, J19, J20, J21, J25, J26, J36, J37, J48, K03, K05, K06, K07, K08, K14, K22, K23, K28, K32, K37, K40, K45, K72, K74, K75, K81, L02, L03, L04, L05, L23, L27, L28, M01, M02, M04, M05, M06, M07, M08, M35, M39, M45, M46, M47, M48, M54, M57, M59, M61, M63, M66, M78, M85, N02, N03, N09, N11, N15, N17, N31, N32, N33, N35, N37, N38, N42, O02, O03, O04, O05, O07, O08, O11, O12, O13, O21, O25, O60, Q01, Q02, Q03, Q04, Q06, Q07, Q09, Q10, Q11, Q12, Q13, Q14, Q16, Q34, Q35, R02, R04, R07, R08, R11, R12, R13, R19, R28, R29, R32, S01, S02, S04, S17, S26, S27, T03, T04, T10, T13, T26, T34, T36, T42, T85, U01, U02, U03, U06, U07, U09, U10, U139, U140, U141, U142, U145, U15, U16, U18, U23, U24, U30, U31, U48, U78, U79, U95, V01, V04, V05, V07, V08, V09, V10, V12, V13, V16, V21, V22, V57, V58, W02, W03, W04, W05, W06, W07, W09, W22, W23, W52, X05, X10, X13, X22, X32"
PNQ,Ground,Volume,28,23.74603273383531,"A03, A11, B06, B07, B09, B16, B35, B59, B61, C53, H70, L04, M01, M05, M06, M07, M08, M39, M46, M47, M59, M61, M66, N02, N11, R11, R32, S04"
UPT,Air Red,Billed Wt,10,26.952482136533128,"B35, C08, L02, L04, L27, N03, N17, P24, S01, S04"
UPT,Air Red,Volume,7,17.289773052077983,"L02, L04, M01, N03, P24, S01, S04"
UPT,Air White,Billed Wt,202,83.31663544888278,"A02, A03, A05, A11, A18, A24, A36, A46, A48, B01, B02, B05, B06, B07, B08, B09, B11, B16, B18, B26, B27, B32, B35, B39, B43, B58, B59, B61, B68, C02, C08, C13, C14, C15, C22, C30, C36, C37, C38, C47, C48, C53, C74, E02, E03, E06, E21, E23, H07, H08, H09, H10, H11, H48, H70, H71, H74, H79, H80, H92, H96, I02, I03, I08, I40, I42, I43, I46, J01, J02, J03, J04, J05, J07, J08, J11, J13, J14, J15, J16, J18, J19, J21, J25, J26, J37, J48, J50, K05, K06, K07, K14, K23, K28, K32, K37, K39, K40, K45, K74, K75, K81, L02, L03, L04, L05, L23, L27, M01, M02, M04, M05, M06, M07, M08, M35, M39, M45, M46, M47, M48, M54, M59, M61, M66, M68, M78, M87, N02, N03, N09, N10, N11, N15, N17, N31, N32, N33, N35, N37, N38, N42, O02, O04, O05, O07, O08, O11, O12, O13, O60, P04, P08, P09, P11, P12, P15, P16, P19, P20, P22, P24, P27, P50, Q01, Q02, Q03, Q04, Q06, Q09, Q11, Q13, Q16, Q17, Q34, Q35, R07, R08, R11, R32, S01, S02, S03, S04, S09, S17, S26, S27, T03, T04, T10, T32, V05, V08, V16, V58, W02, W07, W52, X02, X06, X22"
UPT,Air White,Volume,168,79.70776033730031,"A02, A03, A05, A11, A18, A24, A36, A46, A48, B01, B02, B06, B07, B08, B09, B11, B26, B32, B35, B58, B59, B61, C08, C13, C14, C30, C36, C37, C38, C47, C48, C53, C74, E06, E21, H07, H08, H09, H11, H48, H70, H71, H74, H79, H80, I02, I08, I42, I43, I46, J01, J02, J03, J04, J05, J07, J08, J11, J13, J15, J16, J18, J19, J21, J25, J26, J37, J50, J54, K01, K05, K06, K07, K08, K15, K23, K39, K68, K74, K75, K81, L02, L03, L04, L23, L27, M01, M02, M04, M05, M06, M07, M08, M39, M45, M46, M47, M48, M54, M59, M61, M66, M68, M78, M85, M87, N02, N03, N09, N10, N11, N15, N17, N31, N32, N33, N35, N37, N38, N42, O02, O04, O05, O13, O23, P04, P09, P12, P15, P19, P22, P24, P27, P50, Q01, Q02, Q03, Q04, Q06, Q07, Q09, Q11, Q13, Q16, Q17, Q34, Q35, Q48, R07, R08, R11, R32, S01, S02, S03, S04, S09, S17, S26, S27, T03, T04, T32, V08, V58, W02, W52, X22"
UPT,Ground,Billed Wt,267,93.34754292875424,"A03, A05, A07, A11, A16, A18, A24, A33, A36, A38, A44, A47, A48, A50, B01, B02, B05, B06, B07, B08, B09, B11, B14, B16, B18, B26, B27, B32, B35, B43, B47, B51, B53, B58, B59, B61, B62, B68, C02, C08, C13, C14, C15, C22, C30, C36, C37, C38, C47, C48, C50, C53, C74, E03, E06, E07, E16, E21, H07, H08, H09, H10, H11, H17, H37, H48, H70, H71, H74, H79, H80, H91, H96, I02, I03, I08, I11, I19, I20, I29, I34, I40, I42, I43, I44, I46, J01, J02, J03, J04, J05, J06, J07, J08, J11, J12, J13, J14, J15, J16, J17, J18, J19, J20, J21, J25, J26, J36, J37, J39, J48, J50, K05, K06, K07, K08, K14, K22, K23, K28, K32, K37, K40, K45, K72, K74, K75, K81, L02, L03, L04, L05, L23, L27, M01, M02, M04, M05, M06, M07, M08, M35, M39, M45, M46, M47, M48, M54, M59, M61, M66, M78, N02, N03, N09, N10, N11, N15, N17, N31, N32, N33, N35, N37, N38, N42, O02, O03, O04, O05, O08, O09, O11, O12, O13, P04, P06, P08, P09, P10, P11, P12, P15, P19, P20, P22, P24, P27, P50, P73, Q01, Q02, Q03, Q04, Q06, Q07, Q09, Q10, Q11, Q12, Q13, Q14, Q16, Q17, Q18, Q34, Q35, Q40, R04, R07, R08, R11, R12, R19, R29, R32, S01, S02, S03, S04, S09, S17, S26, S27, T03, T04, T05, T06, T07, T09, T10, T13, T26, T32, T34, T36, T38, T42, V01, V04, V05, V08, V09, V10, V13, V15, V16, V58, W02, W03, W04, W05, W06, W07, W22, W23, W40, W52, X02, X05, X06, X10, X13, X17, X19, X22, X25"
UPT,Ground,Volume,68,49.62060295816443,"A03, A36, A46, B06, B07, B09, B11, B26, B35, B59, B61, H70, I08, I46, J01, J02, J03, J05, J07, J08, J13, J18, J25, J26, K05, K07, L02, L03, L04, L05, L23, M01, M05, M07, M08, M47, N02, N03, N09, N11, N15, N17, N31, N32, N33, N35, N37, N38, N42, P04, P12, P19, P24, P27, Q02, Q03, Q04, Q06, R11, R32, S01, S02, S03, S04, S09, S27, T03, T32"
VJA,Air Red,Billed Wt,6,25.526679993849,"B35, H08, H09, H70, H79, H80"
VJA,Air Red,Volume,8,31.52577625909968,"B35, H08, H09, H11, H70, H79, H80, H91"
VJA,Air White,Billed Wt,49,81.90711259700929,"A46, B02, B06, B07, B08, B09, B11, B14, B19, B26, B35, B47, B58, B59, B61, B68, C08, C13, C14, C15, C30, C36, C37, C38, C47, C48, C74, E21, H07, H08, H09, H10, H11, H17, H37, H42, H48, H53, H70, H71, H74, H75, H79, H80, H91, H92, H96, H98, M07"
VJA,Air White,Volume,49,84.53932162255896,"A46, B02, B06, B07, B08, B09, B11, B14, B19, B26, B35, B47, B58, B59, B61, B68, C08, C13, C14, C15, C30, C36, C37, C38, C47, C48, C74, E06, E21, H07, H08, H09, H10, H11, H17, H37, H42, H48, H53, H70, H71, H74, H75, H79, H80, H91, H92, H96, H98"
VJA,Ground,Billed Wt,68,74.69078924052882,"B02, B06, B07, B08, B09, B11, B26, B35, B58, B59, B61, B68, C02, C08, C13, C14, C15, C30, C36, C37, C38, C47, C48, C53, C74, E06, E21, H07, H08, H09, H10, H11, H17, H37, H42, H48, H53, H70, H71, H74, H75, H79, H80, H91, H92, H96, H98, K05, K06, K28, L04, M01, M04, M05, M08, M46, M47, M66, N03, N32, P04, P20, P24, P50, Q06, S04, U139, W52"
VJA,Ground,Volume,12,38.691821578486056,"B06, B35, H08, H09, H11, H17, H48, H70, H74, H79, H80, H91"
