org_branch,type,mode,sum
W09-ANGUL BRANCH,Volume,Air,416.0
W09-ANGUL BRANCH,Billed Wt,Air,195.0
W09-ANGUL BRANCH,Volume,Ground,5069.0
W09-ANGUL BRANCH,Billed Wt,Ground,10210.0
W06-BALASORE BRANCH,Volume,Air,596.0
W06-BALASORE BRANCH,Billed Wt,Air,390.0
W06-BALASORE BRANCH,Volume,Ground,5857.0
W06-BALASORE BRANCH,Billed Wt,Ground,9472.0
W04-BERHAMPUR BRANCH,Volume,Air,677.0
W04-BERHAMPUR BRANCH,Billed Wt,Air,486.0
W04-BERHAMPUR BRANCH,Volume,Ground,5137.0
W04-BERHAMPUR BRANCH,Billed Wt,Ground,25089.0
W14-BHADRAK SORTING OFFICE,Volume,Air,257.0
W14-BHADRAK SORTING OFFICE,Billed Wt,Air,75.0
W14-BHADRAK SORTING OFFICE,Volume,Ground,1979.0
W14-BHADRAK SORTING OFFICE,Billed Wt,Ground,3136.0
W10-BHUBANESHWAR SURFACE APEX,Volume,Air,0.0
W10-BHUBANESHWAR SURFACE APEX,Billed Wt,Air,0.0
W10-BHUBANESHWAR SURFACE APEX,Volume,Ground,1147.0
W10-BHUBANESHWAR SURFACE APEX,Billed Wt,Ground,79394.0
W21-RUCHIKA MARKET BRANCH,Volume,Air,2261.0
W21-RUCHIKA MARKET BRANCH,Billed Wt,Air,1604.0
W21-RUCHIKA MARKET BRANCH,Volume,Ground,7191.0
W21-RUCHIKA MARKET BRANCH,Billed Wt,Ground,8794.0
W52-MANCHESWAR BRANCH,Volume,Air,8748.0
W52-MANCHESWAR BRANCH,Billed Wt,Air,12050.0
W52-MANCHESWAR BRANCH,Volume,Ground,33821.0
W52-MANCHESWAR BRANCH,Billed Wt,Ground,90347.0
W53-BHUBANESWAR AIR APEX,Volume,Air,191.0
W53-BHUBANESWAR AIR APEX,Billed Wt,Air,474.0
W53-BHUBANESWAR AIR APEX,Volume,Ground,1072.0
W53-BHUBANESWAR AIR APEX,Billed Wt,Ground,4964.0
W23-BOLANGIR SORTING OFFICE,Volume,Air,341.0
W23-BOLANGIR SORTING OFFICE,Billed Wt,Air,231.0
W23-BOLANGIR SORTING OFFICE,Volume,Ground,3692.0
W23-BOLANGIR SORTING OFFICE,Billed Wt,Ground,8529.0
W02-CUTTACK BRANCH,Volume,Air,2548.0
W02-CUTTACK BRANCH,Billed Wt,Air,1958.0
W02-CUTTACK BRANCH,Volume,Ground,17215.0
W02-CUTTACK BRANCH,Billed Wt,Ground,100856.0
W05-JAJPUR ROAD BRANCH,Volume,Air,484.0
W05-JAJPUR ROAD BRANCH,Billed Wt,Air,217.0
W05-JAJPUR ROAD BRANCH,Volume,Ground,6502.0
W05-JAJPUR ROAD BRANCH,Billed Wt,Ground,7065.0
W12-JHARSUGUDA SERVICE CENTER,Volume,Air,607.0
W12-JHARSUGUDA SERVICE CENTER,Billed Wt,Air,1445.0
W12-JHARSUGUDA SERVICE CENTER,Volume,Ground,4518.0
W12-JHARSUGUDA SERVICE CENTER,Billed Wt,Ground,12678.0
W40-KHURDA NODAL POINT,Volume,Air,566.0
W40-KHURDA NODAL POINT,Billed Wt,Air,514.0
W40-KHURDA NODAL POINT,Volume,Ground,2710.0
W40-KHURDA NODAL POINT,Billed Wt,Ground,6656.0
W22-JEYPORE SORTING OFFICE,Volume,Air,185.0
W22-JEYPORE SORTING OFFICE,Billed Wt,Air,194.0
W22-JEYPORE SORTING OFFICE,Volume,Ground,2134.0
W22-JEYPORE SORTING OFFICE,Billed Wt,Ground,6136.0
W15-PURI SORTING OFFICE,Volume,Air,144.0
W15-PURI SORTING OFFICE,Billed Wt,Air,115.0
W15-PURI SORTING OFFICE,Volume,Ground,1671.0
W15-PURI SORTING OFFICE,Billed Wt,Ground,4661.0
W08-RAYAGADA SUB BRANCH,Volume,Air,121.0
W08-RAYAGADA SUB BRANCH,Billed Wt,Air,42.0
W08-RAYAGADA SUB BRANCH,Volume,Ground,1255.0
W08-RAYAGADA SUB BRANCH,Billed Wt,Ground,2605.0
W03-ROURKELA BRANCH,Volume,Air,946.0
W03-ROURKELA BRANCH,Billed Wt,Air,929.0
W03-ROURKELA BRANCH,Volume,Ground,4503.0
W03-ROURKELA BRANCH,Billed Wt,Ground,7440.0
W07-SAMBALPUR BRANCH,Volume,Air,833.0
W07-SAMBALPUR BRANCH,Billed Wt,Air,746.0
W07-SAMBALPUR BRANCH,Volume,Ground,7505.0
W07-SAMBALPUR BRANCH,Billed Wt,Ground,30552.0
K104-ALIPURDUAR BRANCH,Volume,Air,2.0
K104-ALIPURDUAR BRANCH,Billed Wt,Air,12.0
K104-ALIPURDUAR BRANCH,Volume,Ground,20.0
K104-ALIPURDUAR BRANCH,Billed Wt,Ground,189.0
K22-ASANSOL BRANCH,Volume,Air,1007.0
K22-ASANSOL BRANCH,Billed Wt,Air,721.0
K22-ASANSOL BRANCH,Volume,Ground,11743.0
K22-ASANSOL BRANCH,Billed Wt,Ground,24416.0
K37-BAHARAMPORE BRANCH,Volume,Air,1329.0
K37-BAHARAMPORE BRANCH,Billed Wt,Air,1004.0
K37-BAHARAMPORE BRANCH,Volume,Ground,8608.0
K37-BAHARAMPORE BRANCH,Billed Wt,Ground,21154.0
K63-BANKURA SUPER FRANCHISE,Volume,Air,1288.0
K63-BANKURA SUPER FRANCHISE,Billed Wt,Air,1037.0
K63-BANKURA SUPER FRANCHISE,Volume,Ground,4992.0
K63-BANKURA SUPER FRANCHISE,Billed Wt,Ground,13965.0
K74-BARASAT BRANCH,Volume,Air,3202.0
K74-BARASAT BRANCH,Billed Wt,Air,3570.0
K74-BARASAT BRANCH,Volume,Ground,24685.0
K74-BARASAT BRANCH,Billed Wt,Ground,74308.0
K85-BOLPUR BRANCH,Volume,Air,1556.0
K85-BOLPUR BRANCH,Billed Wt,Air,2100.0
K85-BOLPUR BRANCH,Volume,Ground,16440.0
K85-BOLPUR BRANCH,Billed Wt,Ground,46104.0
K45-BURDWAN BRANCH,Volume,Air,1551.0
K45-BURDWAN BRANCH,Billed Wt,Air,1726.0
K45-BURDWAN BRANCH,Volume,Ground,13576.0
K45-BURDWAN BRANCH,Billed Wt,Ground,30376.0
K79-COOCHBEHAR BRANCH,Volume,Air,1336.0
K79-COOCHBEHAR BRANCH,Billed Wt,Air,875.0
K79-COOCHBEHAR BRANCH,Volume,Ground,7312.0
K79-COOCHBEHAR BRANCH,Billed Wt,Ground,13041.0
K84-DARJEELING BRANCH,Volume,Air,16.0
K84-DARJEELING BRANCH,Billed Wt,Air,16.0
K84-DARJEELING BRANCH,Volume,Ground,95.0
K84-DARJEELING BRANCH,Billed Wt,Ground,303.0
K29-DIAMOND HARBOR SORTING OFFICE,Volume,Air,27.0
K29-DIAMOND HARBOR SORTING OFFICE,Billed Wt,Air,60.0
K29-DIAMOND HARBOR SORTING OFFICE,Volume,Ground,586.0
K29-DIAMOND HARBOR SORTING OFFICE,Billed Wt,Ground,2359.0
K14-DURGAPUR BRANCH,Volume,Air,2559.0
K14-DURGAPUR BRANCH,Billed Wt,Air,2344.0
K14-DURGAPUR BRANCH,Volume,Ground,10774.0
K14-DURGAPUR BRANCH,Billed Wt,Ground,20397.0
K54-FULIA BRANCH,Volume,Air,2518.0
K54-FULIA BRANCH,Billed Wt,Air,5687.0
K54-FULIA BRANCH,Volume,Ground,38762.0
K54-FULIA BRANCH,Billed Wt,Ground,110655.0
K51-GANGTOK SERVICE CENTER,Volume,Air,101.0
K51-GANGTOK SERVICE CENTER,Billed Wt,Air,181.0
K51-GANGTOK SERVICE CENTER,Volume,Ground,409.0
K51-GANGTOK SERVICE CENTER,Billed Wt,Ground,1434.0
K89-HALDIA SERVICE CENTER,Volume,Air,1009.0
K89-HALDIA SERVICE CENTER,Billed Wt,Air,543.0
K89-HALDIA SERVICE CENTER,Volume,Ground,7133.0
K89-HALDIA SERVICE CENTER,Billed Wt,Ground,8194.0
K08-HOWRAH BRANCH,Volume,Air,3722.0
K08-HOWRAH BRANCH,Billed Wt,Air,3043.0
K08-HOWRAH BRANCH,Volume,Ground,32734.0
K08-HOWRAH BRANCH,Billed Wt,Ground,57105.0
K72-KONA BRANCH,Volume,Air,13923.0
K72-KONA BRANCH,Billed Wt,Air,37192.0
K72-KONA BRANCH,Volume,Ground,28262.0
K72-KONA BRANCH,Billed Wt,Ground,401548.0
K95-KOLKATA PAKURIA APEX,Volume,Air,0.0
K95-KOLKATA PAKURIA APEX,Billed Wt,Air,0.0
K95-KOLKATA PAKURIA APEX,Volume,Ground,40.0
K95-KOLKATA PAKURIA APEX,Billed Wt,Ground,215.0
K128-EAST KOLKATA KONA STORAGE CENTER APEX,Volume,Air,0.0
K128-EAST KOLKATA KONA STORAGE CENTER APEX,Billed Wt,Air,0.0
K128-EAST KOLKATA KONA STORAGE CENTER APEX,Volume,Ground,2.0
K128-EAST KOLKATA KONA STORAGE CENTER APEX,Billed Wt,Ground,2.0
K40-KHARAGPUR BRANCH,Volume,Air,1429.0
K40-KHARAGPUR BRANCH,Billed Wt,Air,1154.0
K40-KHARAGPUR BRANCH,Volume,Ground,13994.0
K40-KHARAGPUR BRANCH,Billed Wt,Ground,42462.0
K01-MOULALI BRANCH,Volume,Air,12400.0
K01-MOULALI BRANCH,Billed Wt,Air,16146.0
K01-MOULALI BRANCH,Volume,Ground,55884.0
K01-MOULALI BRANCH,Billed Wt,Ground,29335.0
K02-DTDC BHAWAN,Volume,Air,8.0
K02-DTDC BHAWAN,Billed Wt,Air,0.0
K02-DTDC BHAWAN,Volume,Ground,214.0
K02-DTDC BHAWAN,Billed Wt,Ground,892.0
K04-BAGHBAZAR BRANCH,Volume,Air,10853.0
K04-BAGHBAZAR BRANCH,Billed Wt,Air,12239.0
K04-BAGHBAZAR BRANCH,Volume,Ground,22229.0
K04-BAGHBAZAR BRANCH,Billed Wt,Ground,60309.0
K05-RAJARHAT BRANCH,Volume,Air,8770.0
K05-RAJARHAT BRANCH,Billed Wt,Air,12393.0
K05-RAJARHAT BRANCH,Volume,Ground,42854.0
K05-RAJARHAT BRANCH,Billed Wt,Ground,117435.0
K06-AGARPARA SUPER FRANCHISEE,Volume,Air,5210.0
K06-AGARPARA SUPER FRANCHISEE,Billed Wt,Air,3473.0
K06-AGARPARA SUPER FRANCHISEE,Volume,Ground,27369.0
K06-AGARPARA SUPER FRANCHISEE,Billed Wt,Ground,49086.0
K07-TARATALA(GOPALPUR) MASTER FRANCHISEE,Volume,Air,5881.0
K07-TARATALA(GOPALPUR) MASTER FRANCHISEE,Billed Wt,Air,10560.0
K07-TARATALA(GOPALPUR) MASTER FRANCHISEE,Volume,Ground,24063.0
K07-TARATALA(GOPALPUR) MASTER FRANCHISEE,Billed Wt,Ground,106038.0
K16-KOLKATA RAJARHAT APEX,Volume,Air,6604.0
K16-KOLKATA RAJARHAT APEX,Billed Wt,Air,3541.0
K16-KOLKATA RAJARHAT APEX,Volume,Ground,5231.0
K16-KOLKATA RAJARHAT APEX,Billed Wt,Ground,61351.0
K26-KOLKATA INTERNATIONAL APEX,Volume,Air,0.0
K26-KOLKATA INTERNATIONAL APEX,Billed Wt,Air,0.0
K26-KOLKATA INTERNATIONAL APEX,Volume,Ground,40.0
K26-KOLKATA INTERNATIONAL APEX,Billed Wt,Ground,353.0
K28-BY-PASS BRANCH,Volume,Air,2261.0
K28-BY-PASS BRANCH,Billed Wt,Air,6557.0
K28-BY-PASS BRANCH,Volume,Ground,19434.0
K28-BY-PASS BRANCH,Billed Wt,Ground,256077.0
K39-LAKE VIEW BRANCH,Volume,Air,14928.0
K39-LAKE VIEW BRANCH,Billed Wt,Air,19268.0
K39-LAKE VIEW BRANCH,Volume,Ground,40488.0
K39-LAKE VIEW BRANCH,Billed Wt,Ground,24618.0
K65-KOLKATA HP APEX,Volume,Air,615.0
K65-KOLKATA HP APEX,Billed Wt,Air,1596.0
K65-KOLKATA HP APEX,Volume,Ground,1789.0
K65-KOLKATA HP APEX,Billed Wt,Ground,4051.0
K68-SALT LAKE BRANCH,Volume,Air,9870.0
K68-SALT LAKE BRANCH,Billed Wt,Air,12087.0
K68-SALT LAKE BRANCH,Volume,Ground,27061.0
K68-SALT LAKE BRANCH,Billed Wt,Ground,35098.0
K75-GARIA BRANCH,Volume,Air,18136.0
K75-GARIA BRANCH,Billed Wt,Air,10935.0
K75-GARIA BRANCH,Volume,Ground,33564.0
K75-GARIA BRANCH,Billed Wt,Ground,61805.0
K88-CAMAC STREET BRANCH,Volume,Air,13102.0
K88-CAMAC STREET BRANCH,Billed Wt,Air,14280.0
K88-CAMAC STREET BRANCH,Volume,Ground,29377.0
K88-CAMAC STREET BRANCH,Billed Wt,Ground,20288.0
K03-KRISHNANAGAR BRANCH,Volume,Air,633.0
K03-KRISHNANAGAR BRANCH,Billed Wt,Air,741.0
K03-KRISHNANAGAR BRANCH,Volume,Ground,5121.0
K03-KRISHNANAGAR BRANCH,Billed Wt,Ground,8304.0
K23-MALDA BRANCH,Volume,Air,1740.0
K23-MALDA BRANCH,Billed Wt,Air,909.0
K23-MALDA BRANCH,Volume,Ground,10416.0
K23-MALDA BRANCH,Billed Wt,Ground,24664.0
K129-KHAPRAIL BRANCH,Volume,Air,1762.0
K129-KHAPRAIL BRANCH,Billed Wt,Air,1730.0
K129-KHAPRAIL BRANCH,Volume,Ground,6655.0
K129-KHAPRAIL BRANCH,Billed Wt,Ground,20005.0
K32-MECHEDA BRANCH,Volume,Air,856.0
K32-MECHEDA BRANCH,Billed Wt,Air,647.0
K32-MECHEDA BRANCH,Volume,Ground,5836.0
K32-MECHEDA BRANCH,Billed Wt,Ground,20574.0
K56-PORT BLAIR BRANCH,Volume,Air,22.0
K56-PORT BLAIR BRANCH,Billed Wt,Air,379.0
K56-PORT BLAIR BRANCH,Volume,Ground,331.0
K56-PORT BLAIR BRANCH,Billed Wt,Ground,1163.0
K27-PURULIA SUB BRANCH,Volume,Air,296.0
K27-PURULIA SUB BRANCH,Billed Wt,Air,200.0
K27-PURULIA SUB BRANCH,Volume,Ground,1388.0
K27-PURULIA SUB BRANCH,Billed Wt,Ground,4267.0
K82-RANGPO SUB BRANCH,Volume,Air,17.0
K82-RANGPO SUB BRANCH,Billed Wt,Air,56.0
K82-RANGPO SUB BRANCH,Volume,Ground,682.0
K82-RANGPO SUB BRANCH,Billed Wt,Ground,899.0
K119-PUNJABI MORE BRANCH,Volume,Air,177.0
K119-PUNJABI MORE BRANCH,Billed Wt,Air,92.0
K119-PUNJABI MORE BRANCH,Volume,Ground,1163.0
K119-PUNJABI MORE BRANCH,Billed Wt,Ground,3777.0
K81-SERAMPORE SUPER FRANCHISEE,Volume,Air,7475.0
K81-SERAMPORE SUPER FRANCHISEE,Billed Wt,Air,8058.0
K81-SERAMPORE SUPER FRANCHISEE,Volume,Ground,31793.0
K81-SERAMPORE SUPER FRANCHISEE,Billed Wt,Ground,87573.0
K15-SILIGURI BRANCH,Volume,Air,5126.0
K15-SILIGURI BRANCH,Billed Wt,Air,4901.0
K15-SILIGURI BRANCH,Volume,Ground,13715.0
K15-SILIGURI BRANCH,Billed Wt,Ground,49795.0
K66-SILIGURI-MATIGARA APEX,Volume,Air,8.0
K66-SILIGURI-MATIGARA APEX,Billed Wt,Air,4.0
K66-SILIGURI-MATIGARA APEX,Volume,Ground,278.0
K66-SILIGURI-MATIGARA APEX,Billed Wt,Ground,23301.0
K96-NORTH BENGAL T/S APEX,Volume,Air,0.0
K96-NORTH BENGAL T/S APEX,Billed Wt,Air,0.0
K96-NORTH BENGAL T/S APEX,Volume,Ground,2.0
K96-NORTH BENGAL T/S APEX,Billed Wt,Ground,0.0
X03-AGARTALA APEX,Volume,Air,3.0
X03-AGARTALA APEX,Billed Wt,Air,14.0
X03-AGARTALA APEX,Volume,Ground,164.0
X03-AGARTALA APEX,Billed Wt,Ground,6241.0
X35-HGB ROAD APEX,Volume,Air,2631.0
X35-HGB ROAD APEX,Billed Wt,Air,1235.0
X35-HGB ROAD APEX,Volume,Ground,4297.0
X35-HGB ROAD APEX,Billed Wt,Ground,7194.0
X07-AIZAWLSORTING OFFICE,Volume,Air,0.0
X07-AIZAWLSORTING OFFICE,Billed Wt,Air,0.0
X07-AIZAWLSORTING OFFICE,Volume,Ground,17.0
X07-AIZAWLSORTING OFFICE,Billed Wt,Ground,123.0
X13-BONGAIGAON SORTING OFFICE,Volume,Air,65.0
X13-BONGAIGAON SORTING OFFICE,Billed Wt,Air,24.0
X13-BONGAIGAON SORTING OFFICE,Volume,Ground,162.0
X13-BONGAIGAON SORTING OFFICE,Billed Wt,Ground,628.0
X34-BARPETA BRANCH,Volume,Air,125.0
X34-BARPETA BRANCH,Billed Wt,Air,41.0
X34-BARPETA BRANCH,Volume,Ground,798.0
X34-BARPETA BRANCH,Billed Wt,Ground,1456.0
X30-DHARMANAGAR BRANCH,Volume,Air,298.0
X30-DHARMANAGAR BRANCH,Billed Wt,Air,180.0
X30-DHARMANAGAR BRANCH,Volume,Ground,894.0
X30-DHARMANAGAR BRANCH,Billed Wt,Ground,2250.0
X23-DHUBRI BRANCH,Volume,Air,35.0
X23-DHUBRI BRANCH,Billed Wt,Air,12.0
X23-DHUBRI BRANCH,Volume,Ground,55.0
X23-DHUBRI BRANCH,Billed Wt,Ground,160.0
X21-DIBRUGARH APEX,Volume,Air,55.0
X21-DIBRUGARH APEX,Billed Wt,Air,11.0
X21-DIBRUGARH APEX,Volume,Ground,295.0
X21-DIBRUGARH APEX,Billed Wt,Ground,4841.0
X14-DULIAJAN SORTING OFFICE,Volume,Air,0.0
X14-DULIAJAN SORTING OFFICE,Billed Wt,Air,0.0
X14-DULIAJAN SORTING OFFICE,Volume,Ground,7.0
X14-DULIAJAN SORTING OFFICE,Billed Wt,Ground,180.0
X18-GOALPARA BRANCH,Volume,Air,37.0
X18-GOALPARA BRANCH,Billed Wt,Air,14.0
X18-GOALPARA BRANCH,Volume,Ground,66.0
X18-GOALPARA BRANCH,Billed Wt,Ground,114.0
X27-GOLAGHAT BRANCH,Volume,Air,3.0
X27-GOLAGHAT BRANCH,Billed Wt,Air,5.0
X27-GOLAGHAT BRANCH,Volume,Ground,82.0
X27-GOLAGHAT BRANCH,Billed Wt,Ground,978.0
X01-DHARAPUR APEX,Volume,Air,4171.0
X01-DHARAPUR APEX,Billed Wt,Air,3899.0
X01-DHARAPUR APEX,Volume,Ground,51098.0
X01-DHARAPUR APEX,Billed Wt,Ground,457389.0
X10-LANUNG GAON BRANCH,Volume,Air,0.0
X10-LANUNG GAON BRANCH,Billed Wt,Air,0.0
X10-LANUNG GAON BRANCH,Volume,Ground,12.0
X10-LANUNG GAON BRANCH,Billed Wt,Ground,143.0
X22-DISPUR BRANCH,Volume,Air,9544.0
X22-DISPUR BRANCH,Billed Wt,Air,6078.0
X22-DISPUR BRANCH,Volume,Ground,77936.0
X22-DISPUR BRANCH,Billed Wt,Ground,144917.0
X36-AMINGAON BRANCH,Volume,Air,0.0
X36-AMINGAON BRANCH,Billed Wt,Air,0.0
X36-AMINGAON BRANCH,Volume,Ground,1.0
X36-AMINGAON BRANCH,Billed Wt,Ground,2.0
X12-IMPHAL SORTING OFFICE,Volume,Air,1.0
X12-IMPHAL SORTING OFFICE,Billed Wt,Air,20.0
X12-IMPHAL SORTING OFFICE,Volume,Ground,54.0
X12-IMPHAL SORTING OFFICE,Billed Wt,Ground,430.0
X25-ITANAGAR BRANCH,Volume,Air,78.0
X25-ITANAGAR BRANCH,Billed Wt,Air,30.0
X25-ITANAGAR BRANCH,Volume,Ground,809.0
X25-ITANAGAR BRANCH,Billed Wt,Ground,1182.0
X15-JORHAT SORTING OFFICE,Volume,Air,53.0
X15-JORHAT SORTING OFFICE,Billed Wt,Air,81.0
X15-JORHAT SORTING OFFICE,Volume,Ground,421.0
X15-JORHAT SORTING OFFICE,Billed Wt,Ground,908.0
X32-DIMAPUR BRANCH,Volume,Air,9.0
X32-DIMAPUR BRANCH,Billed Wt,Air,199.0
X32-DIMAPUR BRANCH,Volume,Ground,140.0
X32-DIMAPUR BRANCH,Billed Wt,Ground,331.0
X41-KOLIABOR SORTING OFFICE,Volume,Air,0.0
X41-KOLIABOR SORTING OFFICE,Billed Wt,Air,0.0
X41-KOLIABOR SORTING OFFICE,Volume,Ground,1.0
X41-KOLIABOR SORTING OFFICE,Billed Wt,Ground,0.0
X37-MORAN BRANCH,Volume,Air,0.0
X37-MORAN BRANCH,Billed Wt,Air,0.0
X37-MORAN BRANCH,Volume,Ground,6.0
X37-MORAN BRANCH,Billed Wt,Ground,7.0
X29-NALBARI BRANCH,Volume,Air,1.0
X29-NALBARI BRANCH,Billed Wt,Air,0.0
X29-NALBARI BRANCH,Volume,Ground,15.0
X29-NALBARI BRANCH,Billed Wt,Ground,864.0
X19-NAGAON BRANCH,Volume,Air,47.0
X19-NAGAON BRANCH,Billed Wt,Air,15.0
X19-NAGAON BRANCH,Volume,Ground,603.0
X19-NAGAON BRANCH,Billed Wt,Ground,1851.0
X38-LANKA SORTING OFFICE,Volume,Air,13.0
X38-LANKA SORTING OFFICE,Billed Wt,Air,6.0
X38-LANKA SORTING OFFICE,Volume,Ground,28.0
X38-LANKA SORTING OFFICE,Billed Wt,Ground,23.0
X28-NORTH LAKHIMPUR BRANCH,Volume,Air,5.0
X28-NORTH LAKHIMPUR BRANCH,Billed Wt,Air,2.0
X28-NORTH LAKHIMPUR BRANCH,Volume,Ground,59.0
X28-NORTH LAKHIMPUR BRANCH,Billed Wt,Ground,298.0
X06-SHILLONG SORTING OFFICE,Volume,Air,921.0
X06-SHILLONG SORTING OFFICE,Billed Wt,Air,727.0
X06-SHILLONG SORTING OFFICE,Volume,Ground,1916.0
X06-SHILLONG SORTING OFFICE,Billed Wt,Ground,6289.0
X26-SIVASAGAR BRANCH,Volume,Air,25.0
X26-SIVASAGAR BRANCH,Billed Wt,Air,217.0
X26-SIVASAGAR BRANCH,Volume,Ground,810.0
X26-SIVASAGAR BRANCH,Billed Wt,Ground,676.0
X39-SILAPATHAR SORTING OFFICE,Volume,Air,51.0
X39-SILAPATHAR SORTING OFFICE,Billed Wt,Air,13.0
X39-SILAPATHAR SORTING OFFICE,Volume,Ground,304.0
X39-SILAPATHAR SORTING OFFICE,Billed Wt,Ground,778.0
X02-SILCHAR SORTING OFFICE,Volume,Air,2221.0
X02-SILCHAR SORTING OFFICE,Billed Wt,Air,846.0
X02-SILCHAR SORTING OFFICE,Volume,Ground,1890.0
X02-SILCHAR SORTING OFFICE,Billed Wt,Ground,7435.0
X05-TEZPUR BRANCH,Volume,Air,363.0
X05-TEZPUR BRANCH,Billed Wt,Air,116.0
X05-TEZPUR BRANCH,Volume,Ground,3301.0
X05-TEZPUR BRANCH,Billed Wt,Ground,4488.0
X17-TINSUKIA SORTING OFFICE,Volume,Air,78.0
X17-TINSUKIA SORTING OFFICE,Billed Wt,Air,32.0
X17-TINSUKIA SORTING OFFICE,Volume,Ground,323.0
X17-TINSUKIA SORTING OFFICE,Billed Wt,Ground,3328.0
T42-BEGUSARAI SORTING OFFICE,Volume,Air,132.0
T42-BEGUSARAI SORTING OFFICE,Billed Wt,Air,179.0
T42-BEGUSARAI SORTING OFFICE,Volume,Ground,1055.0
T42-BEGUSARAI SORTING OFFICE,Billed Wt,Ground,2214.0
T06-BHAGALPUR BRANCH,Volume,Air,2679.0
T06-BHAGALPUR BRANCH,Billed Wt,Air,3970.0
T06-BHAGALPUR BRANCH,Volume,Ground,2863.0
T06-BHAGALPUR BRANCH,Billed Wt,Ground,6949.0
T09-BOKARO BRANCH,Volume,Air,640.0
T09-BOKARO BRANCH,Billed Wt,Air,270.0
T09-BOKARO BRANCH,Volume,Ground,4096.0
T09-BOKARO BRANCH,Billed Wt,Ground,6725.0
T38-CHAPRA SORTING OFFICE,Volume,Air,109.0
T38-CHAPRA SORTING OFFICE,Billed Wt,Air,52.0
T38-CHAPRA SORTING OFFICE,Volume,Ground,518.0
T38-CHAPRA SORTING OFFICE,Billed Wt,Ground,1279.0
T89-SAGUNA MORE SERVICE CENTER,Volume,Air,96.0
T89-SAGUNA MORE SERVICE CENTER,Billed Wt,Air,24.0
T89-SAGUNA MORE SERVICE CENTER,Volume,Ground,898.0
T89-SAGUNA MORE SERVICE CENTER,Billed Wt,Ground,793.0
T26-DARBHANGA SORTING OFFICE,Volume,Air,217.0
T26-DARBHANGA SORTING OFFICE,Billed Wt,Air,174.0
T26-DARBHANGA SORTING OFFICE,Volume,Ground,1156.0
T26-DARBHANGA SORTING OFFICE,Billed Wt,Ground,4365.0
T04-DHANBAD BRANCH,Volume,Air,1427.0
T04-DHANBAD BRANCH,Billed Wt,Air,910.0
T04-DHANBAD BRANCH,Volume,Ground,12544.0
T04-DHANBAD BRANCH,Billed Wt,Ground,42734.0
T86-DUMKA BRANCH,Volume,Air,105.0
T86-DUMKA BRANCH,Billed Wt,Air,34.0
T86-DUMKA BRANCH,Volume,Ground,436.0
T86-DUMKA BRANCH,Billed Wt,Ground,722.0
T07-GAYA BRANCH,Volume,Air,529.0
T07-GAYA BRANCH,Billed Wt,Air,451.0
T07-GAYA BRANCH,Volume,Ground,3151.0
T07-GAYA BRANCH,Billed Wt,Ground,5354.0
T87-GODDA BRANCH,Volume,Air,37.0
T87-GODDA BRANCH,Billed Wt,Air,10.0
T87-GODDA BRANCH,Volume,Ground,524.0
T87-GODDA BRANCH,Billed Wt,Ground,626.0
T39-GOPALGUNJ SORTING OFFICE,Volume,Air,402.0
T39-GOPALGUNJ SORTING OFFICE,Billed Wt,Air,86.0
T39-GOPALGUNJ SORTING OFFICE,Volume,Ground,1511.0
T39-GOPALGUNJ SORTING OFFICE,Billed Wt,Ground,2221.0
T34-HAZARIBAGH SUB BRANCH,Volume,Air,164.0
T34-HAZARIBAGH SUB BRANCH,Billed Wt,Air,91.0
T34-HAZARIBAGH SUB BRANCH,Volume,Ground,1645.0
T34-HAZARIBAGH SUB BRANCH,Billed Wt,Ground,4295.0
T03-JAMSHEDPUR BRANCH,Volume,Air,3268.0
T03-JAMSHEDPUR BRANCH,Billed Wt,Air,3213.0
T03-JAMSHEDPUR BRANCH,Volume,Ground,19788.0
T03-JAMSHEDPUR BRANCH,Billed Wt,Ground,31104.0
T16-KATIHAR SORTING OFFICE,Volume,Air,94.0
T16-KATIHAR SORTING OFFICE,Billed Wt,Air,23.0
T16-KATIHAR SORTING OFFICE,Volume,Ground,1137.0
T16-KATIHAR SORTING OFFICE,Billed Wt,Ground,1605.0
T88-MOHANIA BRANCH,Volume,Air,41.0
T88-MOHANIA BRANCH,Billed Wt,Air,37.0
T88-MOHANIA BRANCH,Volume,Ground,104.0
T88-MOHANIA BRANCH,Billed Wt,Ground,384.0
T36-MOTIHARI BRANCH,Volume,Air,397.0
T36-MOTIHARI BRANCH,Billed Wt,Air,190.0
T36-MOTIHARI BRANCH,Volume,Ground,1710.0
T36-MOTIHARI BRANCH,Billed Wt,Ground,3036.0
T18-JAMALPUR SUPER FRANCHISEE,Volume,Air,93.0
T18-JAMALPUR SUPER FRANCHISEE,Billed Wt,Air,46.0
T18-JAMALPUR SUPER FRANCHISEE,Volume,Ground,697.0
T18-JAMALPUR SUPER FRANCHISEE,Billed Wt,Ground,1289.0
T05-MUZAFFARPUR BRANCH,Volume,Air,368.0
T05-MUZAFFARPUR BRANCH,Billed Wt,Air,1247.0
T05-MUZAFFARPUR BRANCH,Volume,Ground,4163.0
T05-MUZAFFARPUR BRANCH,Billed Wt,Ground,7730.0
T01-PATNA APEX,Volume,Air,2414.0
T01-PATNA APEX,Billed Wt,Air,4518.0
T01-PATNA APEX,Volume,Ground,25545.0
T01-PATNA APEX,Billed Wt,Ground,218806.0
T10-ZERO MILE BRANCH,Volume,Air,1.0
T10-ZERO MILE BRANCH,Billed Wt,Air,0.0
T10-ZERO MILE BRANCH,Volume,Ground,2.0
T10-ZERO MILE BRANCH,Billed Wt,Ground,2.0
T17-BIHAR T/S APEX,Volume,Air,0.0
T17-BIHAR T/S APEX,Billed Wt,Air,0.0
T17-BIHAR T/S APEX,Volume,Ground,1.0
T17-BIHAR T/S APEX,Billed Wt,Ground,1.0
T32-EXHIBITION ROAD BRANCH,Volume,Air,5647.0
T32-EXHIBITION ROAD BRANCH,Billed Wt,Air,5980.0
T32-EXHIBITION ROAD BRANCH,Volume,Ground,32014.0
T32-EXHIBITION ROAD BRANCH,Billed Wt,Ground,65963.0
T13-PURNEA BRANCH,Volume,Air,407.0
T13-PURNEA BRANCH,Billed Wt,Air,578.0
T13-PURNEA BRANCH,Volume,Ground,3926.0
T13-PURNEA BRANCH,Billed Wt,Ground,10309.0
T02-RANCHI APEX,Volume,Air,6216.0
T02-RANCHI APEX,Billed Wt,Air,5278.0
T02-RANCHI APEX,Volume,Ground,36883.0
T02-RANCHI APEX,Billed Wt,Ground,94930.0
T14-RANCHI CITY BRANCH,Volume,Air,0.0
T14-RANCHI CITY BRANCH,Billed Wt,Air,0.0
T14-RANCHI CITY BRANCH,Volume,Ground,4.0
T14-RANCHI CITY BRANCH,Billed Wt,Ground,12.0
T35-JHARKHAND T/S APEX,Volume,Air,1.0
T35-JHARKHAND T/S APEX,Billed Wt,Air,0.0
T35-JHARKHAND T/S APEX,Volume,Ground,0.0
T35-JHARKHAND T/S APEX,Billed Wt,Ground,0.0
T15-SAHARSA SORTING OFFICE,Volume,Air,161.0
T15-SAHARSA SORTING OFFICE,Billed Wt,Air,63.0
T15-SAHARSA SORTING OFFICE,Volume,Ground,579.0
T15-SAHARSA SORTING OFFICE,Billed Wt,Ground,3477.0
T85-SAMASTIPUR SORTING OFFICE,Volume,Air,71.0
T85-SAMASTIPUR SORTING OFFICE,Billed Wt,Air,56.0
T85-SAMASTIPUR SORTING OFFICE,Volume,Ground,629.0
T85-SAMASTIPUR SORTING OFFICE,Billed Wt,Ground,2883.0
T40-HAZIPUR SORTING OFFICE,Volume,Air,9.0
T40-HAZIPUR SORTING OFFICE,Billed Wt,Air,5.0
T40-HAZIPUR SORTING OFFICE,Volume,Ground,412.0
T40-HAZIPUR SORTING OFFICE,Billed Wt,Ground,1066.0
U02-PRAYAGRAJ BRANCH,Volume,Air,1941.0
U02-PRAYAGRAJ BRANCH,Billed Wt,Air,2377.0
U02-PRAYAGRAJ BRANCH,Volume,Ground,21988.0
U02-PRAYAGRAJ BRANCH,Billed Wt,Ground,30243.0
U78-SULTANPUR BRANCH,Volume,Air,172.0
U78-SULTANPUR BRANCH,Billed Wt,Air,75.0
U78-SULTANPUR BRANCH,Volume,Ground,2926.0
U78-SULTANPUR BRANCH,Billed Wt,Ground,6406.0
U135-BARABANKI SORTING OFFICE,Volume,Air,79.0
U135-BARABANKI SORTING OFFICE,Billed Wt,Air,43.0
U135-BARABANKI SORTING OFFICE,Volume,Ground,408.0
U135-BARABANKI SORTING OFFICE,Billed Wt,Ground,853.0
U142-BASTI BRANCH,Volume,Air,161.0
U142-BASTI BRANCH,Billed Wt,Air,192.0
U142-BASTI BRANCH,Volume,Ground,2743.0
U142-BASTI BRANCH,Billed Wt,Ground,2280.0
U83-AURAIYA NODAL POINT,Volume,Air,53.0
U83-AURAIYA NODAL POINT,Billed Wt,Air,27.0
U83-AURAIYA NODAL POINT,Volume,Ground,70.0
U83-AURAIYA NODAL POINT,Billed Wt,Ground,186.0
U26-AYODHYA BRANCH,Volume,Air,559.0
U26-AYODHYA BRANCH,Billed Wt,Air,402.0
U26-AYODHYA BRANCH,Volume,Ground,5886.0
U26-AYODHYA BRANCH,Billed Wt,Ground,9058.0
U133-AZAMGARH BRANCH,Volume,Air,307.0
U133-AZAMGARH BRANCH,Billed Wt,Air,396.0
U133-AZAMGARH BRANCH,Volume,Ground,3763.0
U133-AZAMGARH BRANCH,Billed Wt,Ground,5817.0
U45-GONDA BRANCH,Volume,Air,376.0
U45-GONDA BRANCH,Billed Wt,Air,202.0
U45-GONDA BRANCH,Volume,Ground,3241.0
U45-GONDA BRANCH,Billed Wt,Ground,7223.0
U06-GORAKHPUR BRANCH,Volume,Air,2408.0
U06-GORAKHPUR BRANCH,Billed Wt,Air,1633.0
U06-GORAKHPUR BRANCH,Volume,Ground,24228.0
U06-GORAKHPUR BRANCH,Billed Wt,Ground,37265.0
U79-JAUNPUR SORTING OFFICE,Volume,Air,286.0
U79-JAUNPUR SORTING OFFICE,Billed Wt,Air,122.0
U79-JAUNPUR SORTING OFFICE,Volume,Ground,3505.0
U79-JAUNPUR SORTING OFFICE,Billed Wt,Ground,4812.0
U141-KANNUAJ BRANCH,Volume,Air,1.0
U141-KANNUAJ BRANCH,Billed Wt,Air,3.0
U141-KANNUAJ BRANCH,Volume,Ground,1.0
U141-KANNUAJ BRANCH,Billed Wt,Ground,0.0
U03-KANPUR BRANCH,Volume,Air,5839.0
U03-KANPUR BRANCH,Billed Wt,Air,4887.0
U03-KANPUR BRANCH,Volume,Ground,60850.0
U03-KANPUR BRANCH,Billed Wt,Ground,84073.0
U140-LAKHIMPUR MINI BRANCH,Volume,Air,72.0
U140-LAKHIMPUR MINI BRANCH,Billed Wt,Air,86.0
U140-LAKHIMPUR MINI BRANCH,Volume,Ground,323.0
U140-LAKHIMPUR MINI BRANCH,Billed Wt,Ground,774.0
U01-LUCKNOW BRANCH,Volume,Air,3513.0
U01-LUCKNOW BRANCH,Billed Wt,Air,3621.0
U01-LUCKNOW BRANCH,Volume,Ground,38411.0
U01-LUCKNOW BRANCH,Billed Wt,Ground,56886.0
U43-LUCKNOW APEX,Volume,Air,1009.0
U43-LUCKNOW APEX,Billed Wt,Air,1655.0
U43-LUCKNOW APEX,Volume,Ground,10100.0
U43-LUCKNOW APEX,Billed Wt,Ground,99505.0
U48-MAHANAGAR LUCKNOW BRANCH,Volume,Air,2355.0
U48-MAHANAGAR LUCKNOW BRANCH,Billed Wt,Air,2454.0
U48-MAHANAGAR LUCKNOW BRANCH,Volume,Ground,26906.0
U48-MAHANAGAR LUCKNOW BRANCH,Billed Wt,Ground,47945.0
U139-LUCKNOW TRANSPORT NAGAR BRANCH,Volume,Air,3642.0
U139-LUCKNOW TRANSPORT NAGAR BRANCH,Billed Wt,Air,3749.0
U139-LUCKNOW TRANSPORT NAGAR BRANCH,Volume,Ground,34915.0
U139-LUCKNOW TRANSPORT NAGAR BRANCH,Billed Wt,Ground,134227.0
U143-GOMTI NAGAR BRANCH,Volume,Air,3442.0
U143-GOMTI NAGAR BRANCH,Billed Wt,Air,4009.0
U143-GOMTI NAGAR BRANCH,Volume,Ground,19753.0
U143-GOMTI NAGAR BRANCH,Billed Wt,Ground,27101.0
U110-ORAI NODAL POINT,Volume,Air,22.0
U110-ORAI NODAL POINT,Billed Wt,Air,14.0
U110-ORAI NODAL POINT,Volume,Ground,60.0
U110-ORAI NODAL POINT,Billed Wt,Ground,247.0
U44-RENUKOOT SUPER FRANCHISEE,Volume,Air,126.0
U44-RENUKOOT SUPER FRANCHISEE,Billed Wt,Air,58.0
U44-RENUKOOT SUPER FRANCHISEE,Volume,Ground,2635.0
U44-RENUKOOT SUPER FRANCHISEE,Billed Wt,Ground,2430.0
U77-SHAHJAHANPUR SUPER FRANCHISEE,Volume,Air,179.0
U77-SHAHJAHANPUR SUPER FRANCHISEE,Billed Wt,Air,148.0
U77-SHAHJAHANPUR SUPER FRANCHISEE,Volume,Ground,2665.0
U77-SHAHJAHANPUR SUPER FRANCHISEE,Billed Wt,Ground,3714.0
U95-HARDOI NODAL POINT,Volume,Air,163.0
U95-HARDOI NODAL POINT,Billed Wt,Air,92.0
U95-HARDOI NODAL POINT,Volume,Ground,1645.0
U95-HARDOI NODAL POINT,Billed Wt,Ground,1827.0
U04-VARANASI APEX,Volume,Air,4164.0
U04-VARANASI APEX,Billed Wt,Air,3507.0
U04-VARANASI APEX,Volume,Ground,90645.0
U04-VARANASI APEX,Billed Wt,Ground,170353.0
U130-VARANASI BRANCH,Volume,Air,3.0
U130-VARANASI BRANCH,Billed Wt,Air,1.0
U130-VARANASI BRANCH,Volume,Ground,168.0
U130-VARANASI BRANCH,Billed Wt,Ground,2201.0
L05-DHARUHERA BRANCH,Volume,Air,3377.0
L05-DHARUHERA BRANCH,Billed Wt,Air,7406.0
L05-DHARUHERA BRANCH,Volume,Ground,20059.0
L05-DHARUHERA BRANCH,Billed Wt,Ground,49556.0
L01-GURGAON DP PROCESSING CENTER APEX,Volume,Air,8171.0
L01-GURGAON DP PROCESSING CENTER APEX,Billed Wt,Air,1721.0
L01-GURGAON DP PROCESSING CENTER APEX,Volume,Ground,74456.0
L01-GURGAON DP PROCESSING CENTER APEX,Billed Wt,Ground,17897.0
L02-GURGAON MASTER FRANCHISEE,Volume,Air,12504.0
L02-GURGAON MASTER FRANCHISEE,Billed Wt,Air,15793.0
L02-GURGAON MASTER FRANCHISEE,Volume,Ground,41490.0
L02-GURGAON MASTER FRANCHISEE,Billed Wt,Ground,63919.0
L03-GURGAON - HERO HONDA CHOWK BRANCH,Volume,Air,13673.0
L03-GURGAON - HERO HONDA CHOWK BRANCH,Billed Wt,Air,17044.0
L03-GURGAON - HERO HONDA CHOWK BRANCH,Volume,Ground,49322.0
L03-GURGAON - HERO HONDA CHOWK BRANCH,Billed Wt,Ground,123730.0
L04-GURGAON BRANCH,Volume,Air,78703.0
L04-GURGAON BRANCH,Billed Wt,Air,101013.0
L04-GURGAON BRANCH,Volume,Ground,204755.0
L04-GURGAON BRANCH,Billed Wt,Ground,359083.0
L23-MANESAR BRANCH,Volume,Air,12750.0
L23-MANESAR BRANCH,Billed Wt,Air,27461.0
L23-MANESAR BRANCH,Volume,Ground,28252.0
L23-MANESAR BRANCH,Billed Wt,Ground,78838.0
L27-GURGAON - SOHNA ROAD BRANCH,Volume,Air,14579.0
L27-GURGAON - SOHNA ROAD BRANCH,Billed Wt,Air,16335.0
L27-GURGAON - SOHNA ROAD BRANCH,Volume,Ground,50736.0
L27-GURGAON - SOHNA ROAD BRANCH,Billed Wt,Ground,131420.0
L28-NUH RURAL SERVICE CENTER,Volume,Air,35.0
L28-NUH RURAL SERVICE CENTER,Billed Wt,Air,36.0
L28-NUH RURAL SERVICE CENTER,Volume,Ground,6273.0
L28-NUH RURAL SERVICE CENTER,Billed Wt,Ground,1785.0
J06-AMBALA BRANCH,Volume,Air,1384.0
J06-AMBALA BRANCH,Billed Wt,Air,1287.0
J06-AMBALA BRANCH,Volume,Ground,3528.0
J06-AMBALA BRANCH,Billed Wt,Ground,10381.0
J10-AMBALA APEX,Volume,Air,2540.0
J10-AMBALA APEX,Billed Wt,Air,2144.0
J10-AMBALA APEX,Volume,Ground,77443.0
J10-AMBALA APEX,Billed Wt,Ground,204862.0
J05-AMRITSAR BRANCH,Volume,Air,4815.0
J05-AMRITSAR BRANCH,Billed Wt,Air,7880.0
J05-AMRITSAR BRANCH,Volume,Ground,48145.0
J05-AMRITSAR BRANCH,Billed Wt,Ground,78719.0
J12-BADDI SUPER FRANCHISEE,Volume,Air,1424.0
J12-BADDI SUPER FRANCHISEE,Billed Wt,Air,2382.0
J12-BADDI SUPER FRANCHISEE,Volume,Ground,16886.0
J12-BADDI SUPER FRANCHISEE,Billed Wt,Ground,54437.0
J37-BAHADURGARH BRANCH,Volume,Air,1504.0
J37-BAHADURGARH BRANCH,Billed Wt,Air,2737.0
J37-BAHADURGARH BRANCH,Volume,Ground,29667.0
J37-BAHADURGARH BRANCH,Billed Wt,Ground,48641.0
J08-BHATINDA BRANCH,Volume,Air,2246.0
J08-BHATINDA BRANCH,Billed Wt,Air,1172.0
J08-BHATINDA BRANCH,Volume,Ground,23703.0
J08-BHATINDA BRANCH,Billed Wt,Ground,21312.0
J20-BILASPUR SUPER FRANCHISEE,Volume,Air,453.0
J20-BILASPUR SUPER FRANCHISEE,Billed Wt,Air,292.0
J20-BILASPUR SUPER FRANCHISEE,Volume,Ground,5624.0
J20-BILASPUR SUPER FRANCHISEE,Billed Wt,Ground,13771.0
J01-CHANDIGARH BRANCH,Volume,Air,10638.0
J01-CHANDIGARH BRANCH,Billed Wt,Air,20234.0
J01-CHANDIGARH BRANCH,Volume,Ground,71448.0
J01-CHANDIGARH BRANCH,Billed Wt,Ground,145580.0
J29-PANCHKULA APEX,Volume,Air,7.0
J29-PANCHKULA APEX,Billed Wt,Air,51.0
J29-PANCHKULA APEX,Volume,Ground,41.0
J29-PANCHKULA APEX,Billed Wt,Ground,3365.0
J07-HISSAR BRANCH,Volume,Air,3594.0
J07-HISSAR BRANCH,Billed Wt,Air,2044.0
J07-HISSAR BRANCH,Volume,Ground,31063.0
J07-HISSAR BRANCH,Billed Wt,Ground,41683.0
J02-JALANDHAR BRANCH,Volume,Air,3756.0
J02-JALANDHAR BRANCH,Billed Wt,Air,4526.0
J02-JALANDHAR BRANCH,Volume,Ground,35168.0
J02-JALANDHAR BRANCH,Billed Wt,Ground,55443.0
J15-KARNAL BRANCH,Volume,Air,4904.0
J15-KARNAL BRANCH,Billed Wt,Air,29813.0
J15-KARNAL BRANCH,Volume,Ground,24036.0
J15-KARNAL BRANCH,Billed Wt,Ground,49935.0
J54-KHARAR BRANCH,Volume,Air,545.0
J54-KHARAR BRANCH,Billed Wt,Air,2271.0
J54-KHARAR BRANCH,Volume,Ground,4089.0
J54-KHARAR BRANCH,Billed Wt,Ground,11506.0
J26-KUNDLI BRANCH,Volume,Air,5925.0
J26-KUNDLI BRANCH,Billed Wt,Air,16640.0
J26-KUNDLI BRANCH,Volume,Ground,71014.0
J26-KUNDLI BRANCH,Billed Wt,Ground,180902.0
J03-LUDHIANA BRANCH,Volume,Air,16197.0
J03-LUDHIANA BRANCH,Billed Wt,Air,22198.0
J03-LUDHIANA BRANCH,Volume,Ground,134908.0
J03-LUDHIANA BRANCH,Billed Wt,Ground,188919.0
J48-MOGA BRANCH,Volume,Air,763.0
J48-MOGA BRANCH,Billed Wt,Air,433.0
J48-MOGA BRANCH,Volume,Ground,7478.0
J48-MOGA BRANCH,Billed Wt,Ground,8253.0
J21-MOHALI BRANCH,Volume,Air,3255.0
J21-MOHALI BRANCH,Billed Wt,Air,2650.0
J21-MOHALI BRANCH,Volume,Ground,36465.0
J21-MOHALI BRANCH,Billed Wt,Ground,61239.0
J19-NANGAL BRANCH,Volume,Air,590.0
J19-NANGAL BRANCH,Billed Wt,Air,585.0
J19-NANGAL BRANCH,Volume,Ground,8884.0
J19-NANGAL BRANCH,Billed Wt,Ground,13364.0
J13-PANCHKULA BRANCH,Volume,Air,10918.0
J13-PANCHKULA BRANCH,Billed Wt,Air,8547.0
J13-PANCHKULA BRANCH,Volume,Ground,105185.0
J13-PANCHKULA BRANCH,Billed Wt,Ground,366474.0
J04-PANIPAT BRANCH,Volume,Air,2283.0
J04-PANIPAT BRANCH,Billed Wt,Air,2617.0
J04-PANIPAT BRANCH,Volume,Ground,45498.0
J04-PANIPAT BRANCH,Billed Wt,Ground,74842.0
J11-PATHANKOT BRANCH,Volume,Air,475.0
J11-PATHANKOT BRANCH,Billed Wt,Air,858.0
J11-PATHANKOT BRANCH,Volume,Ground,7467.0
J11-PATHANKOT BRANCH,Billed Wt,Ground,12902.0
J18-PATIALA BRANCH,Volume,Air,1357.0
J18-PATIALA BRANCH,Billed Wt,Air,1893.0
J18-PATIALA BRANCH,Volume,Ground,22943.0
J18-PATIALA BRANCH,Billed Wt,Ground,30165.0
J17-PHAGWARA BRANCH,Volume,Air,293.0
J17-PHAGWARA BRANCH,Billed Wt,Air,296.0
J17-PHAGWARA BRANCH,Volume,Ground,7876.0
J17-PHAGWARA BRANCH,Billed Wt,Ground,15473.0
J16-RAJPURA BRANCH,Volume,Air,1254.0
J16-RAJPURA BRANCH,Billed Wt,Air,911.0
J16-RAJPURA BRANCH,Volume,Ground,17656.0
J16-RAJPURA BRANCH,Billed Wt,Ground,20109.0
J25-ROHTAK BRANCH,Volume,Air,1743.0
J25-ROHTAK BRANCH,Billed Wt,Air,2746.0
J25-ROHTAK BRANCH,Volume,Ground,42611.0
J25-ROHTAK BRANCH,Billed Wt,Ground,66578.0
J14-SHIMLA BRANCH,Volume,Air,174.0
J14-SHIMLA BRANCH,Billed Wt,Air,84.0
J14-SHIMLA BRANCH,Volume,Ground,838.0
J14-SHIMLA BRANCH,Billed Wt,Ground,2375.0
J36-SIRSA BRANCH,Volume,Air,490.0
J36-SIRSA BRANCH,Billed Wt,Air,278.0
J36-SIRSA BRANCH,Volume,Ground,9190.0
J36-SIRSA BRANCH,Billed Wt,Ground,12305.0
J39-SOLAN BRANCH,Volume,Air,237.0
J39-SOLAN BRANCH,Billed Wt,Air,252.0
J39-SOLAN BRANCH,Volume,Ground,3414.0
J39-SOLAN BRANCH,Billed Wt,Ground,12348.0
J50-YAMUNA NAGAR BRANCH,Volume,Air,2290.0
J50-YAMUNA NAGAR BRANCH,Billed Wt,Air,2043.0
J50-YAMUNA NAGAR BRANCH,Volume,Ground,16303.0
J50-YAMUNA NAGAR BRANCH,Billed Wt,Ground,36942.0
Q09-AJMER BRANCH,Volume,Air,1076.0
Q09-AJMER BRANCH,Billed Wt,Air,1245.0
Q09-AJMER BRANCH,Volume,Ground,29951.0
Q09-AJMER BRANCH,Billed Wt,Ground,46854.0
Q07-ALWAR BRANCH,Volume,Air,970.0
Q07-ALWAR BRANCH,Billed Wt,Air,575.0
Q07-ALWAR BRANCH,Volume,Ground,9777.0
Q07-ALWAR BRANCH,Billed Wt,Ground,9882.0
Q44-NEEMRANA BRANCH,Volume,Air,73.0
Q44-NEEMRANA BRANCH,Billed Wt,Air,55.0
Q44-NEEMRANA BRANCH,Volume,Ground,2980.0
Q44-NEEMRANA BRANCH,Billed Wt,Ground,4982.0
Q34-BAWAL BRANCH,Volume,Air,329.0
Q34-BAWAL BRANCH,Billed Wt,Air,394.0
Q34-BAWAL BRANCH,Volume,Ground,14445.0
Q34-BAWAL BRANCH,Billed Wt,Ground,14807.0
Q18-BEHROR SORTING OFFICE,Volume,Air,201.0
Q18-BEHROR SORTING OFFICE,Billed Wt,Air,206.0
Q18-BEHROR SORTING OFFICE,Volume,Ground,3675.0
Q18-BEHROR SORTING OFFICE,Billed Wt,Ground,5702.0
Q40-BHARATPUR BRANCH,Volume,Air,184.0
Q40-BHARATPUR BRANCH,Billed Wt,Air,307.0
Q40-BHARATPUR BRANCH,Volume,Ground,2659.0
Q40-BHARATPUR BRANCH,Billed Wt,Ground,2414.0
Q12-BHILWARA SORTING OFFICE,Volume,Air,312.0
Q12-BHILWARA SORTING OFFICE,Billed Wt,Air,249.0
Q12-BHILWARA SORTING OFFICE,Volume,Ground,5714.0
Q12-BHILWARA SORTING OFFICE,Billed Wt,Ground,6452.0
Q11-BHIWADI BRANCH,Volume,Air,2331.0
Q11-BHIWADI BRANCH,Billed Wt,Air,5799.0
Q11-BHIWADI BRANCH,Volume,Ground,19681.0
Q11-BHIWADI BRANCH,Billed Wt,Ground,37693.0
Q14-BIKANER BRANCH,Volume,Air,880.0
Q14-BIKANER BRANCH,Billed Wt,Air,1327.0
Q14-BIKANER BRANCH,Volume,Ground,7985.0
Q14-BIKANER BRANCH,Billed Wt,Ground,10106.0
Q01-JAIPUR LALKOTHI BRANCH,Volume,Air,17859.0
Q01-JAIPUR LALKOTHI BRANCH,Billed Wt,Air,16297.0
Q01-JAIPUR LALKOTHI BRANCH,Volume,Ground,118109.0
Q01-JAIPUR LALKOTHI BRANCH,Billed Wt,Ground,154833.0
Q05-JAIPUR APEX,Volume,Air,340.0
Q05-JAIPUR APEX,Billed Wt,Air,139.0
Q05-JAIPUR APEX,Volume,Ground,5625.0
Q05-JAIPUR APEX,Billed Wt,Ground,18672.0
Q06-JAIPUR VAISHALINAGAR BRANCH,Volume,Air,4161.0
Q06-JAIPUR VAISHALINAGAR BRANCH,Billed Wt,Air,5480.0
Q06-JAIPUR VAISHALINAGAR BRANCH,Volume,Ground,42615.0
Q06-JAIPUR VAISHALINAGAR BRANCH,Billed Wt,Ground,71879.0
Q17-MANSAROVAR BRANCH,Volume,Air,14293.0
Q17-MANSAROVAR BRANCH,Billed Wt,Air,15073.0
Q17-MANSAROVAR BRANCH,Volume,Ground,83882.0
Q17-MANSAROVAR BRANCH,Billed Wt,Ground,143172.0
Q35-JAIPUR VKI BRANCH,Volume,Air,6433.0
Q35-JAIPUR VKI BRANCH,Billed Wt,Air,6956.0
Q35-JAIPUR VKI BRANCH,Volume,Ground,38310.0
Q35-JAIPUR VKI BRANCH,Billed Wt,Ground,66139.0
Q41-BAGRU SERVICE CENTER,Volume,Air,2023.0
Q41-BAGRU SERVICE CENTER,Billed Wt,Air,8453.0
Q41-BAGRU SERVICE CENTER,Volume,Ground,10309.0
Q41-BAGRU SERVICE CENTER,Billed Wt,Ground,42039.0
Q48-IP DISPATCH JAIPUR BRANCH,Volume,Air,0.0
Q48-IP DISPATCH JAIPUR BRANCH,Billed Wt,Air,0.0
Q48-IP DISPATCH JAIPUR BRANCH,Volume,Ground,1.0
Q48-IP DISPATCH JAIPUR BRANCH,Billed Wt,Ground,1.0
Q02-JODHPUR BRANCH,Volume,Air,2125.0
Q02-JODHPUR BRANCH,Billed Wt,Air,1800.0
Q02-JODHPUR BRANCH,Volume,Ground,22517.0
Q02-JODHPUR BRANCH,Billed Wt,Ground,43651.0
Q03-KOTA SUPER FRANCHISEE,Volume,Air,2356.0
Q03-KOTA SUPER FRANCHISEE,Billed Wt,Air,2988.0
Q03-KOTA SUPER FRANCHISEE,Volume,Ground,23841.0
Q03-KOTA SUPER FRANCHISEE,Billed Wt,Ground,55499.0
Q10-PALI BRANCH,Volume,Air,165.0
Q10-PALI BRANCH,Billed Wt,Air,175.0
Q10-PALI BRANCH,Volume,Ground,995.0
Q10-PALI BRANCH,Billed Wt,Ground,2789.0
Q43-SHAHPURA (JAIPUR ROAD) NODAL POINT,Volume,Air,81.0
Q43-SHAHPURA (JAIPUR ROAD) NODAL POINT,Billed Wt,Air,22.0
Q43-SHAHPURA (JAIPUR ROAD) NODAL POINT,Volume,Ground,1060.0
Q43-SHAHPURA (JAIPUR ROAD) NODAL POINT,Billed Wt,Ground,424.0
Q16-SIKAR BRANCH,Volume,Air,460.0
Q16-SIKAR BRANCH,Billed Wt,Air,501.0
Q16-SIKAR BRANCH,Volume,Ground,15931.0
Q16-SIKAR BRANCH,Billed Wt,Ground,21169.0
Q13-SRIGANGANAGAR BRANCH,Volume,Air,414.0
Q13-SRIGANGANAGAR BRANCH,Billed Wt,Air,287.0
Q13-SRIGANGANAGAR BRANCH,Volume,Ground,5503.0
Q13-SRIGANGANAGAR BRANCH,Billed Wt,Ground,14155.0
Q04-UDAIPUR BRANCH,Volume,Air,2262.0
Q04-UDAIPUR BRANCH,Billed Wt,Air,2030.0
Q04-UDAIPUR BRANCH,Volume,Ground,18065.0
Q04-UDAIPUR BRANCH,Billed Wt,Ground,37500.0
N02-TRANSYAMUNA BRANCH,Volume,Air,9569.0
N02-TRANSYAMUNA BRANCH,Billed Wt,Air,9827.0
N02-TRANSYAMUNA BRANCH,Volume,Ground,140555.0
N02-TRANSYAMUNA BRANCH,Billed Wt,Ground,289461.0
N03-NARAINA CITY BRANCH,Volume,Air,14121.0
N03-NARAINA CITY BRANCH,Billed Wt,Air,23187.0
N03-NARAINA CITY BRANCH,Volume,Ground,103416.0
N03-NARAINA CITY BRANCH,Billed Wt,Ground,297286.0
N05-DELHI SAMALKHA APEX,Volume,Air,3293.0
N05-DELHI SAMALKHA APEX,Billed Wt,Air,22768.0
N05-DELHI SAMALKHA APEX,Volume,Ground,14160.0
N05-DELHI SAMALKHA APEX,Billed Wt,Ground,692428.0
N06-DELHI SAMALKHA INTERNATIONAL APEX,Volume,Air,0.0
N06-DELHI SAMALKHA INTERNATIONAL APEX,Billed Wt,Air,0.0
N06-DELHI SAMALKHA INTERNATIONAL APEX,Volume,Ground,4738.0
N06-DELHI SAMALKHA INTERNATIONAL APEX,Billed Wt,Ground,11744.0
N09-WAZIRPUR BRANCH,Volume,Air,17424.0
N09-WAZIRPUR BRANCH,Billed Wt,Air,20075.0
N09-WAZIRPUR BRANCH,Volume,Ground,91411.0
N09-WAZIRPUR BRANCH,Billed Wt,Ground,198354.0
N10-JHANDEWALAN BRANCH,Volume,Air,14929.0
N10-JHANDEWALAN BRANCH,Billed Wt,Air,11464.0
N10-JHANDEWALAN BRANCH,Volume,Ground,123466.0
N10-JHANDEWALAN BRANCH,Billed Wt,Ground,259493.0
N11-MEERBAGH BRANCH,Volume,Air,14775.0
N11-MEERBAGH BRANCH,Billed Wt,Air,14333.0
N11-MEERBAGH BRANCH,Volume,Ground,159458.0
N11-MEERBAGH BRANCH,Billed Wt,Ground,293981.0
N12-NARAINA MASS MAIL PROCESSING OUTSOURCED BRANCH,Volume,Air,0.0
N12-NARAINA MASS MAIL PROCESSING OUTSOURCED BRANCH,Billed Wt,Air,0.0
N12-NARAINA MASS MAIL PROCESSING OUTSOURCED BRANCH,Volume,Ground,14191.0
N12-NARAINA MASS MAIL PROCESSING OUTSOURCED BRANCH,Billed Wt,Ground,396.0
N15-DURGAPURI BRANCH,Volume,Air,8445.0
N15-DURGAPURI BRANCH,Billed Wt,Air,6881.0
N15-DURGAPURI BRANCH,Volume,Ground,34994.0
N15-DURGAPURI BRANCH,Billed Wt,Ground,70309.0
N17-ROHINI BRANCH,Volume,Air,22881.0
N17-ROHINI BRANCH,Billed Wt,Air,19891.0
N17-ROHINI BRANCH,Volume,Ground,166632.0
N17-ROHINI BRANCH,Billed Wt,Ground,338553.0
N20-DELHI DP PROCESSING CENTRE APEX,Volume,Air,53310.0
N20-DELHI DP PROCESSING CENTRE APEX,Billed Wt,Air,43050.0
N20-DELHI DP PROCESSING CENTRE APEX,Volume,Ground,55550.0
N20-DELHI DP PROCESSING CENTRE APEX,Billed Wt,Ground,272794.0
N24-DELHI ECOMMERCE PROCESSING CENTRE APEX,Volume,Air,2002.0
N24-DELHI ECOMMERCE PROCESSING CENTRE APEX,Billed Wt,Air,2377.0
N24-DELHI ECOMMERCE PROCESSING CENTRE APEX,Volume,Ground,72417.0
N24-DELHI ECOMMERCE PROCESSING CENTRE APEX,Billed Wt,Ground,280051.0
N33-DARYGANJ BRANCH,Volume,Air,9433.0
N33-DARYGANJ BRANCH,Billed Wt,Air,10405.0
N33-DARYGANJ BRANCH,Volume,Ground,122484.0
N33-DARYGANJ BRANCH,Billed Wt,Ground,300997.0
N41-DELHI SAMHALKHA SURFACE APEX,Volume,Air,0.0
N41-DELHI SAMHALKHA SURFACE APEX,Billed Wt,Air,0.0
N41-DELHI SAMHALKHA SURFACE APEX,Volume,Ground,5.0
N41-DELHI SAMHALKHA SURFACE APEX,Billed Wt,Ground,86.0
N43-TRANSYAMUNA APEX,Volume,Air,0.0
N43-TRANSYAMUNA APEX,Billed Wt,Air,0.0
N43-TRANSYAMUNA APEX,Volume,Ground,1.0
N43-TRANSYAMUNA APEX,Billed Wt,Ground,1.0
N37-JAMMU BRANCH,Volume,Air,4463.0
N37-JAMMU BRANCH,Billed Wt,Air,3696.0
N37-JAMMU BRANCH,Volume,Ground,22819.0
N37-JAMMU BRANCH,Billed Wt,Ground,49734.0
N30-NOIDA APEX,Volume,Air,52385.0
N30-NOIDA APEX,Billed Wt,Air,91517.0
N30-NOIDA APEX,Volume,Ground,122198.0
N30-NOIDA APEX,Billed Wt,Ground,318792.0
N31-GREATER NOIDA BRANCH,Volume,Air,17377.0
N31-GREATER NOIDA BRANCH,Billed Wt,Air,28424.0
N31-GREATER NOIDA BRANCH,Volume,Ground,29249.0
N31-GREATER NOIDA BRANCH,Billed Wt,Ground,115786.0
N32-NOIDA PH3 BRANCH,Volume,Air,16526.0
N32-NOIDA PH3 BRANCH,Billed Wt,Air,29382.0
N32-NOIDA PH3 BRANCH,Volume,Ground,88132.0
N32-NOIDA PH3 BRANCH,Billed Wt,Ground,209827.0
N35-PARI CHOWK BRANCH,Volume,Air,6351.0
N35-PARI CHOWK BRANCH,Billed Wt,Air,10983.0
N35-PARI CHOWK BRANCH,Volume,Ground,29528.0
N35-PARI CHOWK BRANCH,Billed Wt,Ground,99676.0
N42-ECOTECH 12 NOIDA BRANCH,Volume,Air,2146.0
N42-ECOTECH 12 NOIDA BRANCH,Billed Wt,Air,1939.0
N42-ECOTECH 12 NOIDA BRANCH,Volume,Ground,14552.0
N42-ECOTECH 12 NOIDA BRANCH,Billed Wt,Ground,21518.0
N38-SRI NAGAR BRANCH,Volume,Air,2376.0
N38-SRI NAGAR BRANCH,Billed Wt,Air,6580.0
N38-SRI NAGAR BRANCH,Volume,Ground,13291.0
N38-SRI NAGAR BRANCH,Billed Wt,Ground,35881.0
S27-BALLABHGARH BRANCH,Volume,Air,9810.0
S27-BALLABHGARH BRANCH,Billed Wt,Air,16276.0
S27-BALLABHGARH BRANCH,Volume,Ground,37727.0
S27-BALLABHGARH BRANCH,Billed Wt,Ground,77193.0
S01-KHIRKI BRANCH,Volume,Air,15806.0
S01-KHIRKI BRANCH,Billed Wt,Air,16298.0
S01-KHIRKI BRANCH,Volume,Ground,80369.0
S01-KHIRKI BRANCH,Billed Wt,Ground,123050.0
S03-MAHIPALPUR BRANCH,Volume,Air,12562.0
S03-MAHIPALPUR BRANCH,Billed Wt,Air,14925.0
S03-MAHIPALPUR BRANCH,Volume,Ground,39235.0
S03-MAHIPALPUR BRANCH,Billed Wt,Ground,60854.0
S04-OKHLA BRANCH,Volume,Air,60870.0
S04-OKHLA BRANCH,Billed Wt,Air,100042.0
S04-OKHLA BRANCH,Volume,Ground,205235.0
S04-OKHLA BRANCH,Billed Wt,Ground,457132.0
S09-DWARKA BRANCH,Volume,Air,14320.0
S09-DWARKA BRANCH,Billed Wt,Air,11077.0
S09-DWARKA BRANCH,Volume,Ground,59057.0
S09-DWARKA BRANCH,Billed Wt,Ground,99634.0
S13-OKHLA APEX,Volume,Air,13.0
S13-OKHLA APEX,Billed Wt,Air,31.0
S13-OKHLA APEX,Volume,Ground,24.0
S13-OKHLA APEX,Billed Wt,Ground,38.0
S17-ASHRAM BRANCH,Volume,Air,14967.0
S17-ASHRAM BRANCH,Billed Wt,Air,13820.0
S17-ASHRAM BRANCH,Volume,Ground,65885.0
S17-ASHRAM BRANCH,Billed Wt,Ground,85848.0
S25-SOUTH DELHI DP PROCESSING CENTER APEX,Volume,Air,33062.0
S25-SOUTH DELHI DP PROCESSING CENTER APEX,Billed Wt,Air,18544.0
S25-SOUTH DELHI DP PROCESSING CENTER APEX,Volume,Ground,10701.0
S25-SOUTH DELHI DP PROCESSING CENTER APEX,Billed Wt,Ground,109789.0
S26-CHATTARPUR BRANCH,Volume,Air,6081.0
S26-CHATTARPUR BRANCH,Billed Wt,Air,9503.0
S26-CHATTARPUR BRANCH,Volume,Ground,29173.0
S26-CHATTARPUR BRANCH,Billed Wt,Ground,95668.0
S02-FARIDABAD BRANCH,Volume,Air,14814.0
S02-FARIDABAD BRANCH,Billed Wt,Air,21813.0
S02-FARIDABAD BRANCH,Volume,Ground,81550.0
S02-FARIDABAD BRANCH,Billed Wt,Ground,194993.0
U09-AGRA BRANCH,Volume,Air,4109.0
U09-AGRA BRANCH,Billed Wt,Air,4489.0
U09-AGRA BRANCH,Volume,Ground,109841.0
U09-AGRA BRANCH,Billed Wt,Ground,136798.0
U16-ALIGARH BRANCH,Volume,Air,944.0
U16-ALIGARH BRANCH,Billed Wt,Air,986.0
U16-ALIGARH BRANCH,Volume,Ground,22120.0
U16-ALIGARH BRANCH,Billed Wt,Ground,34319.0
U15-BAREILLY BRANCH,Volume,Air,1175.0
U15-BAREILLY BRANCH,Billed Wt,Air,985.0
U15-BAREILLY BRANCH,Volume,Ground,20238.0
U15-BAREILLY BRANCH,Billed Wt,Ground,34475.0
U31-BIJNORE BRANCH,Volume,Air,508.0
U31-BIJNORE BRANCH,Billed Wt,Air,246.0
U31-BIJNORE BRANCH,Volume,Ground,8281.0
U31-BIJNORE BRANCH,Billed Wt,Ground,12546.0
U145-BULANDSHAHR BRANCH,Volume,Air,273.0
U145-BULANDSHAHR BRANCH,Billed Wt,Air,147.0
U145-BULANDSHAHR BRANCH,Volume,Ground,6319.0
U145-BULANDSHAHR BRANCH,Billed Wt,Ground,10814.0
U10-DEHRADUN BRANCH,Volume,Air,5913.0
U10-DEHRADUN BRANCH,Billed Wt,Air,5136.0
U10-DEHRADUN BRANCH,Volume,Ground,26879.0
U10-DEHRADUN BRANCH,Billed Wt,Ground,42618.0
U28-SELAQUI BRANCH,Volume,Air,704.0
U28-SELAQUI BRANCH,Billed Wt,Air,1061.0
U28-SELAQUI BRANCH,Volume,Ground,8201.0
U28-SELAQUI BRANCH,Billed Wt,Ground,37348.0
U11-GHAZIABAD APEX,Volume,Air,5225.0
U11-GHAZIABAD APEX,Billed Wt,Air,7808.0
U11-GHAZIABAD APEX,Volume,Ground,86408.0
U11-GHAZIABAD APEX,Billed Wt,Ground,224929.0
U137-UPT DP PROCESSING CENTRE APEX,Volume,Air,4.0
U137-UPT DP PROCESSING CENTRE APEX,Billed Wt,Air,88.0
U137-UPT DP PROCESSING CENTRE APEX,Volume,Ground,338.0
U137-UPT DP PROCESSING CENTRE APEX,Billed Wt,Ground,5203.0
U146-GHAZIABAD BRANCH,Volume,Air,0.0
U146-GHAZIABAD BRANCH,Billed Wt,Air,0.0
U146-GHAZIABAD BRANCH,Volume,Ground,2.0
U146-GHAZIABAD BRANCH,Billed Wt,Ground,0.0
U07-GWALIOR BRANCH,Volume,Air,1510.0
U07-GWALIOR BRANCH,Billed Wt,Air,1009.0
U07-GWALIOR BRANCH,Volume,Ground,21279.0
U07-GWALIOR BRANCH,Billed Wt,Ground,25686.0
U12-HALDWANI BRANCH,Volume,Air,3101.0
U12-HALDWANI BRANCH,Billed Wt,Air,1886.0
U12-HALDWANI BRANCH,Volume,Ground,7863.0
U12-HALDWANI BRANCH,Billed Wt,Ground,9287.0
U18-HARDWAR BRANCH,Volume,Air,2803.0
U18-HARDWAR BRANCH,Billed Wt,Air,3409.0
U18-HARDWAR BRANCH,Volume,Ground,32084.0
U18-HARDWAR BRANCH,Billed Wt,Ground,91341.0
U24-JHANSI BRANCH,Volume,Air,578.0
U24-JHANSI BRANCH,Billed Wt,Air,358.0
U24-JHANSI BRANCH,Volume,Ground,6964.0
U24-JHANSI BRANCH,Billed Wt,Ground,9095.0
U27-KASHIPUR BRANCH,Volume,Air,482.0
U27-KASHIPUR BRANCH,Billed Wt,Air,261.0
U27-KASHIPUR BRANCH,Volume,Ground,7910.0
U27-KASHIPUR BRANCH,Billed Wt,Ground,15933.0
U25-MATHURA BRANCH,Volume,Air,802.0
U25-MATHURA BRANCH,Billed Wt,Air,1162.0
U25-MATHURA BRANCH,Volume,Ground,12734.0
U25-MATHURA BRANCH,Billed Wt,Ground,17294.0
U13-MEERUT BRANCH,Volume,Air,4479.0
U13-MEERUT BRANCH,Billed Wt,Air,6146.0
U13-MEERUT BRANCH,Volume,Ground,41550.0
U13-MEERUT BRANCH,Billed Wt,Ground,131517.0
U14-MORADABAD BRANCH,Volume,Air,2722.0
U14-MORADABAD BRANCH,Billed Wt,Air,2452.0
U14-MORADABAD BRANCH,Volume,Ground,31783.0
U14-MORADABAD BRANCH,Billed Wt,Ground,83727.0
U19-MUZAFFARNAGAR BRANCH,Volume,Air,1928.0
U19-MUZAFFARNAGAR BRANCH,Billed Wt,Air,827.0
U19-MUZAFFARNAGAR BRANCH,Volume,Ground,17497.0
U19-MUZAFFARNAGAR BRANCH,Billed Wt,Ground,22267.0
U17-RISHIKESH BRANCH,Volume,Air,1054.0
U17-RISHIKESH BRANCH,Billed Wt,Air,1470.0
U17-RISHIKESH BRANCH,Volume,Ground,5126.0
U17-RISHIKESH BRANCH,Billed Wt,Ground,7952.0
U22-ROORKEE BRANCH,Volume,Air,1427.0
U22-ROORKEE BRANCH,Billed Wt,Air,2052.0
U22-ROORKEE BRANCH,Volume,Ground,16685.0
U22-ROORKEE BRANCH,Billed Wt,Ground,30993.0
U23-RUDRAPUR BRANCH,Volume,Air,1497.0
U23-RUDRAPUR BRANCH,Billed Wt,Air,1756.0
U23-RUDRAPUR BRANCH,Volume,Ground,15736.0
U23-RUDRAPUR BRANCH,Billed Wt,Ground,45549.0
U21-SAHIBABAD BRANCH,Volume,Air,877.0
U21-SAHIBABAD BRANCH,Billed Wt,Air,831.0
U21-SAHIBABAD BRANCH,Volume,Ground,18840.0
U21-SAHIBABAD BRANCH,Billed Wt,Ground,14051.0
U20-SAHARANPUR BRANCH,Volume,Air,592.0
U20-SAHARANPUR BRANCH,Billed Wt,Air,456.0
U20-SAHARANPUR BRANCH,Volume,Ground,18460.0
U20-SAHARANPUR BRANCH,Billed Wt,Ground,78919.0
U30-VAISHALI BRANCH,Volume,Air,4494.0
U30-VAISHALI BRANCH,Billed Wt,Air,4310.0
U30-VAISHALI BRANCH,Volume,Ground,61753.0
U30-VAISHALI BRANCH,Billed Wt,Ground,136332.0
B41-BAGALKOT SORTING OFFICE,Volume,Air,103.0
B41-BAGALKOT SORTING OFFICE,Billed Wt,Air,69.0
B41-BAGALKOT SORTING OFFICE,Volume,Ground,3998.0
B41-BAGALKOT SORTING OFFICE,Billed Wt,Ground,3972.0
B06-BOMMANAHALLI BRANCH,Volume,Air,29669.0
B06-BOMMANAHALLI BRANCH,Billed Wt,Air,26471.0
B06-BOMMANAHALLI BRANCH,Volume,Ground,65639.0
B06-BOMMANAHALLI BRANCH,Billed Wt,Ground,131374.0
B07-CHAMRAJPET BRANCH,Volume,Air,13947.0
B07-CHAMRAJPET BRANCH,Billed Wt,Air,14420.0
B07-CHAMRAJPET BRANCH,Volume,Ground,98383.0
B07-CHAMRAJPET BRANCH,Billed Wt,Ground,182603.0
B08-PEENYA BRANCH,Volume,Air,13961.0
B08-PEENYA BRANCH,Billed Wt,Air,15273.0
B08-PEENYA BRANCH,Volume,Ground,76290.0
B08-PEENYA BRANCH,Billed Wt,Ground,168955.0
B09-RAJAJINAGAR BRANCH,Volume,Air,7437.0
B09-RAJAJINAGAR BRANCH,Billed Wt,Air,10675.0
B09-RAJAJINAGAR BRANCH,Volume,Ground,74934.0
B09-RAJAJINAGAR BRANCH,Billed Wt,Ground,100921.0
B10-BANGALORE YELAHANKA APEX,Volume,Air,1710.0
B10-BANGALORE YELAHANKA APEX,Billed Wt,Air,6486.0
B10-BANGALORE YELAHANKA APEX,Volume,Ground,9703.0
B10-BANGALORE YELAHANKA APEX,Billed Wt,Ground,190501.0
B11-HENNUR BRANCH,Volume,Air,13512.0
B11-HENNUR BRANCH,Billed Wt,Air,14497.0
B11-HENNUR BRANCH,Volume,Ground,59403.0
B11-HENNUR BRANCH,Billed Wt,Ground,114052.0
B14-DEVANAHALLI SERVICE CENTER,Volume,Air,306.0
B14-DEVANAHALLI SERVICE CENTER,Billed Wt,Air,295.0
B14-DEVANAHALLI SERVICE CENTER,Volume,Ground,3161.0
B14-DEVANAHALLI SERVICE CENTER,Billed Wt,Ground,4161.0
B15-CORPORATE OFFICE APEX,Volume,Air,0.0
B15-CORPORATE OFFICE APEX,Billed Wt,Air,0.0
B15-CORPORATE OFFICE APEX,Volume,Ground,53.0
B15-CORPORATE OFFICE APEX,Billed Wt,Ground,2476.0
B26-KOGILU BRANCH,Volume,Air,10307.0
B26-KOGILU BRANCH,Billed Wt,Air,13313.0
B26-KOGILU BRANCH,Volume,Ground,41194.0
B26-KOGILU BRANCH,Billed Wt,Ground,123480.0
B35-WHITE FIELD BRANCH,Volume,Air,18744.0
B35-WHITE FIELD BRANCH,Billed Wt,Air,23768.0
B35-WHITE FIELD BRANCH,Volume,Ground,76701.0
B35-WHITE FIELD BRANCH,Billed Wt,Ground,117076.0
B36-BANGALORE NELAMANGALA APEX,Volume,Air,3195.0
B36-BANGALORE NELAMANGALA APEX,Billed Wt,Air,5047.0
B36-BANGALORE NELAMANGALA APEX,Volume,Ground,10916.0
B36-BANGALORE NELAMANGALA APEX,Billed Wt,Ground,386589.0
B37-BLR DP PROCESSING APEX,Volume,Air,19315.0
B37-BLR DP PROCESSING APEX,Billed Wt,Air,41575.0
B37-BLR DP PROCESSING APEX,Volume,Ground,50408.0
B37-BLR DP PROCESSING APEX,Billed Wt,Ground,220641.0
B58-DOMLUR BRANCH,Volume,Air,13124.0
B58-DOMLUR BRANCH,Billed Wt,Air,14000.0
B58-DOMLUR BRANCH,Volume,Ground,47256.0
B58-DOMLUR BRANCH,Billed Wt,Ground,72376.0
B59-SARAKKI BRANCH,Volume,Air,15479.0
B59-SARAKKI BRANCH,Billed Wt,Air,19131.0
B59-SARAKKI BRANCH,Volume,Ground,75944.0
B59-SARAKKI BRANCH,Billed Wt,Ground,148726.0
B61-NERALURU BRANCH,Volume,Air,7596.0
B61-NERALURU BRANCH,Billed Wt,Air,11885.0
B61-NERALURU BRANCH,Volume,Ground,27878.0
B61-NERALURU BRANCH,Billed Wt,Ground,89036.0
B68-HOSKOTE BRANCH,Volume,Air,4641.0
B68-HOSKOTE BRANCH,Billed Wt,Air,5291.0
B68-HOSKOTE BRANCH,Volume,Ground,16556.0
B68-HOSKOTE BRANCH,Billed Wt,Ground,24509.0
B113-ATTIBELE APEX,Volume,Air,3637.0
B113-ATTIBELE APEX,Billed Wt,Air,4728.0
B113-ATTIBELE APEX,Volume,Ground,1450.0
B113-ATTIBELE APEX,Billed Wt,Ground,10259.0
B16-BELGAUM SUPER FRANCHISEE,Volume,Air,1093.0
B16-BELGAUM SUPER FRANCHISEE,Billed Wt,Air,796.0
B16-BELGAUM SUPER FRANCHISEE,Volume,Ground,20133.0
B16-BELGAUM SUPER FRANCHISEE,Billed Wt,Ground,30047.0
B47-BELLARY SORTING OFFICE,Volume,Air,237.0
B47-BELLARY SORTING OFFICE,Billed Wt,Air,84.0
B47-BELLARY SORTING OFFICE,Volume,Ground,9125.0
B47-BELLARY SORTING OFFICE,Billed Wt,Ground,10295.0
B62-BIDAR SORTING OFFICE,Volume,Air,237.0
B62-BIDAR SORTING OFFICE,Billed Wt,Air,166.0
B62-BIDAR SORTING OFFICE,Volume,Ground,5804.0
B62-BIDAR SORTING OFFICE,Billed Wt,Ground,9760.0
B42-BIJAPUR SORTING OFFICE,Volume,Air,359.0
B42-BIJAPUR SORTING OFFICE,Billed Wt,Air,245.0
B42-BIJAPUR SORTING OFFICE,Volume,Ground,8570.0
B42-BIJAPUR SORTING OFFICE,Billed Wt,Ground,8574.0
B64-CHIKMAGALUR BRANCH,Volume,Air,228.0
B64-CHIKMAGALUR BRANCH,Billed Wt,Air,375.0
B64-CHIKMAGALUR BRANCH,Volume,Ground,4375.0
B64-CHIKMAGALUR BRANCH,Billed Wt,Ground,7565.0
B13-CHITRADURGA SORTING OFFICE,Volume,Air,182.0
B13-CHITRADURGA SORTING OFFICE,Billed Wt,Air,85.0
B13-CHITRADURGA SORTING OFFICE,Volume,Ground,8155.0
B13-CHITRADURGA SORTING OFFICE,Billed Wt,Ground,8912.0
B50-DAVANGERE BRANCH,Volume,Air,871.0
B50-DAVANGERE BRANCH,Billed Wt,Air,472.0
B50-DAVANGERE BRANCH,Volume,Ground,25997.0
B50-DAVANGERE BRANCH,Billed Wt,Ground,52168.0
B05-GULBARGA SUPER FRANCHISEE,Volume,Air,774.0
B05-GULBARGA SUPER FRANCHISEE,Billed Wt,Air,492.0
B05-GULBARGA SUPER FRANCHISEE,Volume,Ground,13460.0
B05-GULBARGA SUPER FRANCHISEE,Billed Wt,Ground,15490.0
B18-HASSAN BRANCH,Volume,Air,569.0
B18-HASSAN BRANCH,Billed Wt,Air,444.0
B18-HASSAN BRANCH,Volume,Ground,23863.0
B18-HASSAN BRANCH,Billed Wt,Ground,42884.0
B19-HOSPET SUPER FRANCHISEE,Volume,Air,865.0
B19-HOSPET SUPER FRANCHISEE,Billed Wt,Air,622.0
B19-HOSPET SUPER FRANCHISEE,Volume,Ground,13305.0
B19-HOSPET SUPER FRANCHISEE,Billed Wt,Ground,14603.0
B27-HOSUR BRANCH,Volume,Air,617.0
B27-HOSUR BRANCH,Billed Wt,Air,1281.0
B27-HOSUR BRANCH,Volume,Ground,16540.0
B27-HOSUR BRANCH,Billed Wt,Ground,88993.0
B03-HUBLI BRANCH,Volume,Air,2574.0
B03-HUBLI BRANCH,Billed Wt,Air,3270.0
B03-HUBLI BRANCH,Volume,Ground,38329.0
B03-HUBLI BRANCH,Billed Wt,Ground,54066.0
B95-MANDYA NODAL POINT,Volume,Air,193.0
B95-MANDYA NODAL POINT,Billed Wt,Air,145.0
B95-MANDYA NODAL POINT,Volume,Ground,3163.0
B95-MANDYA NODAL POINT,Billed Wt,Ground,3806.0
B01-MANGALORE SUPER FRANCHISEE,Volume,Air,1633.0
B01-MANGALORE SUPER FRANCHISEE,Billed Wt,Air,1120.0
B01-MANGALORE SUPER FRANCHISEE,Volume,Ground,14339.0
B01-MANGALORE SUPER FRANCHISEE,Billed Wt,Ground,25105.0
B51-MARGAO BRANCH,Volume,Air,408.0
B51-MARGAO BRANCH,Billed Wt,Air,522.0
B51-MARGAO BRANCH,Volume,Ground,11836.0
B51-MARGAO BRANCH,Billed Wt,Ground,17469.0
B02-MYSORE BRANCH,Volume,Air,2982.0
B02-MYSORE BRANCH,Billed Wt,Air,3009.0
B02-MYSORE BRANCH,Volume,Ground,47903.0
B02-MYSORE BRANCH,Billed Wt,Ground,93483.0
B32-GOA PANJIM BRANCH,Volume,Air,1105.0
B32-GOA PANJIM BRANCH,Billed Wt,Air,2142.0
B32-GOA PANJIM BRANCH,Volume,Ground,6551.0
B32-GOA PANJIM BRANCH,Billed Wt,Ground,13311.0
B63-RAICHUR SORTING OFFICE,Volume,Air,203.0
B63-RAICHUR SORTING OFFICE,Billed Wt,Air,89.0
B63-RAICHUR SORTING OFFICE,Volume,Ground,2282.0
B63-RAICHUR SORTING OFFICE,Billed Wt,Ground,3602.0
B65-VERNA BRANCH,Volume,Air,558.0
B65-VERNA BRANCH,Billed Wt,Air,2353.0
B65-VERNA BRANCH,Volume,Ground,3002.0
B65-VERNA BRANCH,Billed Wt,Ground,34861.0
B38-SHIMOGA SORTING OFFICE,Volume,Air,382.0
B38-SHIMOGA SORTING OFFICE,Billed Wt,Air,183.0
B38-SHIMOGA SORTING OFFICE,Volume,Ground,8374.0
B38-SHIMOGA SORTING OFFICE,Billed Wt,Ground,10173.0
B39-SIRSI BRANCH OFFICE,Volume,Air,142.0
B39-SIRSI BRANCH OFFICE,Billed Wt,Air,211.0
B39-SIRSI BRANCH OFFICE,Volume,Ground,8156.0
B39-SIRSI BRANCH OFFICE,Billed Wt,Ground,8873.0
B43-TUMKUR SORTING OFFICE,Volume,Air,1319.0
B43-TUMKUR SORTING OFFICE,Billed Wt,Air,1631.0
B43-TUMKUR SORTING OFFICE,Volume,Ground,16936.0
B43-TUMKUR SORTING OFFICE,Billed Wt,Ground,35318.0
B53-UDUPI NODAL POINT,Volume,Air,2202.0
B53-UDUPI NODAL POINT,Billed Wt,Air,2359.0
B53-UDUPI NODAL POINT,Volume,Ground,12539.0
B53-UDUPI NODAL POINT,Billed Wt,Ground,48828.0
C57-CHENGALPET BRANCH,Volume,Air,602.0
C57-CHENGALPET BRANCH,Billed Wt,Air,1444.0
C57-CHENGALPET BRANCH,Volume,Ground,4275.0
C57-CHENGALPET BRANCH,Billed Wt,Ground,13230.0
C13-GUINDY BRANCH,Volume,Air,10011.0
C13-GUINDY BRANCH,Billed Wt,Air,13466.0
C13-GUINDY BRANCH,Volume,Ground,47118.0
C13-GUINDY BRANCH,Billed Wt,Ground,140135.0
C14-AMINJIKARAI BRANCH,Volume,Air,9666.0
C14-AMINJIKARAI BRANCH,Billed Wt,Air,7015.0
C14-AMINJIKARAI BRANCH,Volume,Ground,43624.0
C14-AMINJIKARAI BRANCH,Billed Wt,Ground,94875.0
C15-PARRYS BRANCH,Volume,Air,4935.0
C15-PARRYS BRANCH,Billed Wt,Air,4459.0
C15-PARRYS BRANCH,Volume,Ground,42013.0
C15-PARRYS BRANCH,Billed Wt,Ground,45324.0
C20-VELAPPANCHAVADI APEX,Volume,Air,3345.0
C20-VELAPPANCHAVADI APEX,Billed Wt,Air,11807.0
C20-VELAPPANCHAVADI APEX,Volume,Ground,7493.0
C20-VELAPPANCHAVADI APEX,Billed Wt,Ground,84625.0
C30-TAMBARAM MASTER FRANCHISEE,Volume,Air,3227.0
C30-TAMBARAM MASTER FRANCHISEE,Billed Wt,Air,3375.0
C30-TAMBARAM MASTER FRANCHISEE,Volume,Ground,29753.0
C30-TAMBARAM MASTER FRANCHISEE,Billed Wt,Ground,68030.0
C36-ELDAMS ROAD BRANCH,Volume,Air,4696.0
C36-ELDAMS ROAD BRANCH,Billed Wt,Air,5721.0
C36-ELDAMS ROAD BRANCH,Volume,Ground,27529.0
C36-ELDAMS ROAD BRANCH,Billed Wt,Ground,72939.0
C37-AMBATTUR BRANCH,Volume,Air,3583.0
C37-AMBATTUR BRANCH,Billed Wt,Air,9438.0
C37-AMBATTUR BRANCH,Volume,Ground,28242.0
C37-AMBATTUR BRANCH,Billed Wt,Ground,56890.0
C38-PORUR BRANCH,Volume,Air,3951.0
C38-PORUR BRANCH,Billed Wt,Air,4602.0
C38-PORUR BRANCH,Volume,Ground,20055.0
C38-PORUR BRANCH,Billed Wt,Ground,57319.0
C42-GUINDY APEX,Volume,Air,1.0
C42-GUINDY APEX,Billed Wt,Air,0.0
C42-GUINDY APEX,Volume,Ground,153.0
C42-GUINDY APEX,Billed Wt,Ground,1167.0
C47-PALLIKKARANAI MASTER FRANCHISEE,Volume,Air,3013.0
C47-PALLIKKARANAI MASTER FRANCHISEE,Billed Wt,Air,4192.0
C47-PALLIKKARANAI MASTER FRANCHISEE,Volume,Ground,27022.0
C47-PALLIKKARANAI MASTER FRANCHISEE,Billed Wt,Ground,39677.0
C48-MADHAVARAM BRANCH,Volume,Air,1582.0
C48-MADHAVARAM BRANCH,Billed Wt,Air,2152.0
C48-MADHAVARAM BRANCH,Volume,Ground,29109.0
C48-MADHAVARAM BRANCH,Billed Wt,Ground,58733.0
C50-SRM - POTHERI SUPER FRANCHISEE,Volume,Air,1005.0
C50-SRM - POTHERI SUPER FRANCHISEE,Billed Wt,Air,1283.0
C50-SRM - POTHERI SUPER FRANCHISEE,Volume,Ground,9884.0
C50-SRM - POTHERI SUPER FRANCHISEE,Billed Wt,Ground,15937.0
C54-CHENNAI DP PROCESSING CENTRE APEX,Volume,Air,52866.0
C54-CHENNAI DP PROCESSING CENTRE APEX,Billed Wt,Air,23734.0
C54-CHENNAI DP PROCESSING CENTRE APEX,Volume,Ground,95828.0
C54-CHENNAI DP PROCESSING CENTRE APEX,Billed Wt,Ground,404256.0
C73-GUMMIDIPOONDI BRANCH,Volume,Air,187.0
C73-GUMMIDIPOONDI BRANCH,Billed Wt,Air,179.0
C73-GUMMIDIPOONDI BRANCH,Volume,Ground,2209.0
C73-GUMMIDIPOONDI BRANCH,Billed Wt,Ground,5648.0
C74-THIRUVERKADU BRANCH,Volume,Air,4007.0
C74-THIRUVERKADU BRANCH,Billed Wt,Air,7375.0
C74-THIRUVERKADU BRANCH,Volume,Ground,25071.0
C74-THIRUVERKADU BRANCH,Billed Wt,Ground,81038.0
C59-KANCHEEPURAM BRANCH,Volume,Air,2098.0
C59-KANCHEEPURAM BRANCH,Billed Wt,Air,2420.0
C59-KANCHEEPURAM BRANCH,Volume,Ground,8680.0
C59-KANCHEEPURAM BRANCH,Billed Wt,Ground,31953.0
C08-KATPADI BRANCH,Volume,Air,1574.0
C08-KATPADI BRANCH,Billed Wt,Air,2371.0
C08-KATPADI BRANCH,Volume,Ground,19661.0
C08-KATPADI BRANCH,Billed Wt,Ground,82125.0
C02-PONDICHERRY BRANCH,Volume,Air,1321.0
C02-PONDICHERRY BRANCH,Billed Wt,Air,5563.0
C02-PONDICHERRY BRANCH,Volume,Ground,17855.0
C02-PONDICHERRY BRANCH,Billed Wt,Ground,81290.0
C60-SRI CITY BRANCH,Volume,Air,230.0
C60-SRI CITY BRANCH,Billed Wt,Air,613.0
C60-SRI CITY BRANCH,Volume,Ground,2493.0
C60-SRI CITY BRANCH,Billed Wt,Ground,6553.0
C53-SREEPERUMBADHUR BRANCH,Volume,Air,2234.0
C53-SREEPERUMBADHUR BRANCH,Billed Wt,Air,5504.0
C53-SREEPERUMBADHUR BRANCH,Volume,Ground,18766.0
C53-SREEPERUMBADHUR BRANCH,Billed Wt,Ground,173142.0
C22-VILLUPURAM BRANCH,Volume,Air,2626.0
C22-VILLUPURAM BRANCH,Billed Wt,Air,1210.0
C22-VILLUPURAM BRANCH,Volume,Ground,13094.0
C22-VILLUPURAM BRANCH,Billed Wt,Ground,17476.0
E01-COIMBATORE INTEGRATED APEX,Volume,Air,1887.0
E01-COIMBATORE INTEGRATED APEX,Billed Wt,Air,3770.0
E01-COIMBATORE INTEGRATED APEX,Volume,Ground,35260.0
E01-COIMBATORE INTEGRATED APEX,Billed Wt,Ground,96299.0
E13-COIMBATORE SCS APEX,Volume,Air,23.0
E13-COIMBATORE SCS APEX,Billed Wt,Air,38.0
E13-COIMBATORE SCS APEX,Volume,Ground,944.0
E13-COIMBATORE SCS APEX,Billed Wt,Ground,5399.0
E21-COIMBATORE CITY BRANCH,Volume,Air,15625.0
E21-COIMBATORE CITY BRANCH,Billed Wt,Air,14686.0
E21-COIMBATORE CITY BRANCH,Volume,Ground,123055.0
E21-COIMBATORE CITY BRANCH,Billed Wt,Ground,211482.0
E07-DINDIGUL BRANCH,Volume,Air,813.0
E07-DINDIGUL BRANCH,Billed Wt,Air,441.0
E07-DINDIGUL BRANCH,Volume,Ground,7296.0
E07-DINDIGUL BRANCH,Billed Wt,Ground,12367.0
E03-ERODE BRANCH,Volume,Air,4117.0
E03-ERODE BRANCH,Billed Wt,Air,3979.0
E03-ERODE BRANCH,Volume,Ground,33462.0
E03-ERODE BRANCH,Billed Wt,Ground,148078.0
E05-KARUR BRANCH,Volume,Air,664.0
E05-KARUR BRANCH,Billed Wt,Air,1376.0
E05-KARUR BRANCH,Volume,Ground,9364.0
E05-KARUR BRANCH,Billed Wt,Ground,27886.0
E16-KRISHNAGIRI BRANCH,Volume,Air,446.0
E16-KRISHNAGIRI BRANCH,Billed Wt,Air,418.0
E16-KRISHNAGIRI BRANCH,Volume,Ground,9961.0
E16-KRISHNAGIRI BRANCH,Billed Wt,Ground,14279.0
E08-MADURAI APEX,Volume,Air,2256.0
E08-MADURAI APEX,Billed Wt,Air,2178.0
E08-MADURAI APEX,Volume,Ground,39426.0
E08-MADURAI APEX,Billed Wt,Ground,128324.0
E11-NAGERCOILBRANCH,Volume,Air,1009.0
E11-NAGERCOILBRANCH,Billed Wt,Air,765.0
E11-NAGERCOILBRANCH,Volume,Ground,4973.0
E11-NAGERCOILBRANCH,Billed Wt,Ground,12363.0
E04-SALEM APEX,Volume,Air,3305.0
E04-SALEM APEX,Billed Wt,Air,3202.0
E04-SALEM APEX,Volume,Ground,56495.0
E04-SALEM APEX,Billed Wt,Ground,102873.0
E20-SIVAKASI BRANCH,Volume,Air,217.0
E20-SIVAKASI BRANCH,Billed Wt,Air,205.0
E20-SIVAKASI BRANCH,Volume,Ground,4425.0
E20-SIVAKASI BRANCH,Billed Wt,Ground,14994.0
E23-THANJAVUR BRANCH,Volume,Air,1238.0
E23-THANJAVUR BRANCH,Billed Wt,Air,472.0
E23-THANJAVUR BRANCH,Volume,Ground,8200.0
E23-THANJAVUR BRANCH,Billed Wt,Ground,16976.0
E24-THENI BRANCH,Volume,Air,103.0
E24-THENI BRANCH,Billed Wt,Air,46.0
E24-THENI BRANCH,Volume,Ground,1938.0
E24-THENI BRANCH,Billed Wt,Ground,2860.0
E09-TIRUNELVELI BRANCH,Volume,Air,323.0
E09-TIRUNELVELI BRANCH,Billed Wt,Air,408.0
E09-TIRUNELVELI BRANCH,Volume,Ground,7286.0
E09-TIRUNELVELI BRANCH,Billed Wt,Ground,63729.0
E02-TIRUPUR BRANCH,Volume,Air,13710.0
E02-TIRUPUR BRANCH,Billed Wt,Air,12296.0
E02-TIRUPUR BRANCH,Volume,Ground,52108.0
E02-TIRUPUR BRANCH,Billed Wt,Ground,86333.0
E06-TRICHY BRANCH,Volume,Air,1620.0
E06-TRICHY BRANCH,Billed Wt,Air,1455.0
E06-TRICHY BRANCH,Volume,Ground,27572.0
E06-TRICHY BRANCH,Billed Wt,Ground,64396.0
E10-TUTICORIN BRANCH,Volume,Air,343.0
E10-TUTICORIN BRANCH,Billed Wt,Air,662.0
E10-TUTICORIN BRANCH,Volume,Ground,5449.0
E10-TUTICORIN BRANCH,Billed Wt,Ground,14722.0
O01-ALLEPPEY BRANCH,Volume,Air,49017.0
O01-ALLEPPEY BRANCH,Billed Wt,Air,32521.0
O01-ALLEPPEY BRANCH,Volume,Ground,31261.0
O01-ALLEPPEY BRANCH,Billed Wt,Ground,39179.0
O02-CALICUT BRANCH,Volume,Air,15091.0
O02-CALICUT BRANCH,Billed Wt,Air,10963.0
O02-CALICUT BRANCH,Volume,Ground,100947.0
O02-CALICUT BRANCH,Billed Wt,Ground,138880.0
O09-CANNANORE BRANCH,Volume,Air,2956.0
O09-CANNANORE BRANCH,Billed Wt,Air,2628.0
O09-CANNANORE BRANCH,Volume,Ground,41428.0
O09-CANNANORE BRANCH,Billed Wt,Ground,58581.0
O17-CHANGANACHERRY NODAL POINT,Volume,Air,42.0
O17-CHANGANACHERRY NODAL POINT,Billed Wt,Air,66.0
O17-CHANGANACHERRY NODAL POINT,Volume,Ground,58.0
O17-CHANGANACHERRY NODAL POINT,Billed Wt,Ground,143.0
O14-CHERTHALA BRANCH,Volume,Air,5041.0
O14-CHERTHALA BRANCH,Billed Wt,Air,4824.0
O14-CHERTHALA BRANCH,Volume,Ground,8142.0
O14-CHERTHALA BRANCH,Billed Wt,Ground,11319.0
O06-COCHIN APEX,Volume,Air,34301.0
O06-COCHIN APEX,Billed Wt,Air,48820.0
O06-COCHIN APEX,Volume,Ground,196718.0
O06-COCHIN APEX,Billed Wt,Ground,598996.0
O13-ALWAYE BRANCH,Volume,Air,4193.0
O13-ALWAYE BRANCH,Billed Wt,Air,4665.0
O13-ALWAYE BRANCH,Volume,Ground,63633.0
O13-ALWAYE BRANCH,Billed Wt,Ground,91383.0
O23-COCHIN BRANCH,Volume,Air,290.0
O23-COCHIN BRANCH,Billed Wt,Air,402.0
O23-COCHIN BRANCH,Volume,Ground,725.0
O23-COCHIN BRANCH,Billed Wt,Ground,1349.0
O21-ADIMALY BRANCH,Volume,Air,507.0
O21-ADIMALY BRANCH,Billed Wt,Air,304.0
O21-ADIMALY BRANCH,Volume,Ground,29300.0
O21-ADIMALY BRANCH,Billed Wt,Ground,37243.0
O25-KALPETTA BRANCH,Volume,Air,2043.0
O25-KALPETTA BRANCH,Billed Wt,Air,1250.0
O25-KALPETTA BRANCH,Volume,Ground,22998.0
O25-KALPETTA BRANCH,Billed Wt,Ground,31503.0
O93-CHALAKUDY BRANCH,Volume,Air,992.0
O93-CHALAKUDY BRANCH,Billed Wt,Air,439.0
O93-CHALAKUDY BRANCH,Volume,Ground,4161.0
O93-CHALAKUDY BRANCH,Billed Wt,Ground,4308.0
O60-KANHANGAD BRANCH,Volume,Air,1916.0
O60-KANHANGAD BRANCH,Billed Wt,Air,1941.0
O60-KANHANGAD BRANCH,Volume,Ground,24297.0
O60-KANHANGAD BRANCH,Billed Wt,Ground,34674.0
O12-KOTTAKAL BRANCH,Volume,Air,9188.0
O12-KOTTAKAL BRANCH,Billed Wt,Air,5195.0
O12-KOTTAKAL BRANCH,Volume,Ground,125095.0
O12-KOTTAKAL BRANCH,Billed Wt,Ground,139324.0
O07-KOTTAYAM BRANCH,Volume,Air,3967.0
O07-KOTTAYAM BRANCH,Billed Wt,Air,3457.0
O07-KOTTAYAM BRANCH,Volume,Ground,51446.0
O07-KOTTAYAM BRANCH,Billed Wt,Ground,112616.0
O88-MUVATTUPUZHA BRANCH,Volume,Air,1172.0
O88-MUVATTUPUZHA BRANCH,Billed Wt,Air,995.0
O88-MUVATTUPUZHA BRANCH,Volume,Ground,24760.0
O88-MUVATTUPUZHA BRANCH,Billed Wt,Ground,30281.0
O03-PALGHAT BRANCH,Volume,Air,5286.0
O03-PALGHAT BRANCH,Billed Wt,Air,5686.0
O03-PALGHAT BRANCH,Volume,Ground,64753.0
O03-PALGHAT BRANCH,Billed Wt,Ground,94471.0
O08-QUILON BRANCH,Volume,Air,2770.0
O08-QUILON BRANCH,Billed Wt,Air,2132.0
O08-QUILON BRANCH,Volume,Ground,36452.0
O08-QUILON BRANCH,Billed Wt,Ground,56512.0
O89-THALASSERY BRANCH,Volume,Air,10470.0
O89-THALASSERY BRANCH,Billed Wt,Air,10333.0
O89-THALASSERY BRANCH,Volume,Ground,15221.0
O89-THALASSERY BRANCH,Billed Wt,Ground,17692.0
O11-THIRUVALLA BRANCH,Volume,Air,8243.0
O11-THIRUVALLA BRANCH,Billed Wt,Air,4178.0
O11-THIRUVALLA BRANCH,Volume,Ground,26703.0
O11-THIRUVALLA BRANCH,Billed Wt,Ground,49116.0
O04-TRICHUR BRANCH,Volume,Air,7861.0
O04-TRICHUR BRANCH,Billed Wt,Air,5269.0
O04-TRICHUR BRANCH,Volume,Ground,112706.0
O04-TRICHUR BRANCH,Billed Wt,Ground,171945.0
O05-TRIVANDRUM BRANCH,Volume,Air,7139.0
O05-TRIVANDRUM BRANCH,Billed Wt,Air,8393.0
O05-TRIVANDRUM BRANCH,Volume,Ground,38841.0
O05-TRIVANDRUM BRANCH,Billed Wt,Ground,75581.0
O90-ATTINGAL BRANCH,Volume,Air,760.0
O90-ATTINGAL BRANCH,Billed Wt,Air,881.0
O90-ATTINGAL BRANCH,Volume,Ground,15392.0
O90-ATTINGAL BRANCH,Billed Wt,Ground,25966.0
H07-BASHEERBAGH BRANCH,Volume,Air,6659.0
H07-BASHEERBAGH BRANCH,Billed Wt,Air,6858.0
H07-BASHEERBAGH BRANCH,Volume,Ground,58933.0
H07-BASHEERBAGH BRANCH,Billed Wt,Ground,58945.0
H08-BANJARAHILLS MASTER FRANCHISEE,Volume,Air,11562.0
H08-BANJARAHILLS MASTER FRANCHISEE,Billed Wt,Air,12020.0
H08-BANJARAHILLS MASTER FRANCHISEE,Volume,Ground,55856.0
H08-BANJARAHILLS MASTER FRANCHISEE,Billed Wt,Ground,216906.0
H09-BALANAGAR BRANCH,Volume,Air,6247.0
H09-BALANAGAR BRANCH,Billed Wt,Air,4342.0
H09-BALANAGAR BRANCH,Volume,Ground,69606.0
H09-BALANAGAR BRANCH,Billed Wt,Ground,108960.0
H10-BEGUMPET BRANCH,Volume,Air,7655.0
H10-BEGUMPET BRANCH,Billed Wt,Air,9569.0
H10-BEGUMPET BRANCH,Volume,Ground,97805.0
H10-BEGUMPET BRANCH,Billed Wt,Ground,199445.0
H11-KARMANGHAT BRANCH,Volume,Air,8186.0
H11-KARMANGHAT BRANCH,Billed Wt,Air,3230.0
H11-KARMANGHAT BRANCH,Volume,Ground,33884.0
H11-KARMANGHAT BRANCH,Billed Wt,Ground,32862.0
H13-HYDERABAD SHAMSHABAD APEX,Volume,Air,1172.0
H13-HYDERABAD SHAMSHABAD APEX,Billed Wt,Air,2430.0
H13-HYDERABAD SHAMSHABAD APEX,Volume,Ground,20280.0
H13-HYDERABAD SHAMSHABAD APEX,Billed Wt,Ground,75693.0
H48-ANANDBAGH BRANCH,Volume,Air,11311.0
H48-ANANDBAGH BRANCH,Billed Wt,Air,8710.0
H48-ANANDBAGH BRANCH,Volume,Ground,43197.0
H48-ANANDBAGH BRANCH,Billed Wt,Ground,110163.0
H70-GACHIBOWLI MASTER FRANCHISEE,Volume,Air,17920.0
H70-GACHIBOWLI MASTER FRANCHISEE,Billed Wt,Air,12575.0
H70-GACHIBOWLI MASTER FRANCHISEE,Volume,Ground,49740.0
H70-GACHIBOWLI MASTER FRANCHISEE,Billed Wt,Ground,94060.0
H71-MEHDIPATNAM MASTER FRANCHISEE,Volume,Air,4658.0
H71-MEHDIPATNAM MASTER FRANCHISEE,Billed Wt,Air,4123.0
H71-MEHDIPATNAM MASTER FRANCHISEE,Volume,Ground,23478.0
H71-MEHDIPATNAM MASTER FRANCHISEE,Billed Wt,Ground,50969.0
H74-BOWENPALLY BRANCH,Volume,Air,6134.0
H74-BOWENPALLY BRANCH,Billed Wt,Air,4418.0
H74-BOWENPALLY BRANCH,Volume,Ground,64119.0
H74-BOWENPALLY BRANCH,Billed Wt,Ground,108017.0
H75-BACHUPALLY NIZAMPET ROAD BRANCH,Volume,Air,0.0
H75-BACHUPALLY NIZAMPET ROAD BRANCH,Billed Wt,Air,0.0
H75-BACHUPALLY NIZAMPET ROAD BRANCH,Volume,Ground,5.0
H75-BACHUPALLY NIZAMPET ROAD BRANCH,Billed Wt,Ground,4.0
H79-NAGOLE PRACEL BRANCH,Volume,Air,6488.0
H79-NAGOLE PRACEL BRANCH,Billed Wt,Air,9411.0
H79-NAGOLE PRACEL BRANCH,Volume,Ground,83263.0
H79-NAGOLE PRACEL BRANCH,Billed Wt,Ground,126938.0
H80-CHANDANAGAR BRANCH,Volume,Air,5430.0
H80-CHANDANAGAR BRANCH,Billed Wt,Air,4157.0
H80-CHANDANAGAR BRANCH,Volume,Ground,52445.0
H80-CHANDANAGAR BRANCH,Billed Wt,Ground,63709.0
H90-MEDCHAL APEX,Volume,Air,4706.0
H90-MEDCHAL APEX,Billed Wt,Air,7151.0
H90-MEDCHAL APEX,Volume,Ground,25082.0
H90-MEDCHAL APEX,Billed Wt,Ground,122717.0
H37-KARIMNAGAR SUPER FRANCHISEE,Volume,Air,5751.0
H37-KARIMNAGAR SUPER FRANCHISEE,Billed Wt,Air,1760.0
H37-KARIMNAGAR SUPER FRANCHISEE,Volume,Ground,12955.0
H37-KARIMNAGAR SUPER FRANCHISEE,Billed Wt,Ground,12346.0
H91-KHAMMAM BRANCH,Volume,Air,1039.0
H91-KHAMMAM BRANCH,Billed Wt,Air,466.0
H91-KHAMMAM BRANCH,Volume,Ground,23973.0
H91-KHAMMAM BRANCH,Billed Wt,Ground,15287.0
H42-MAHABUBNAGAR SUPER FRANCHISEE,Volume,Air,613.0
H42-MAHABUBNAGAR SUPER FRANCHISEE,Billed Wt,Air,588.0
H42-MAHABUBNAGAR SUPER FRANCHISEE,Volume,Ground,12583.0
H42-MAHABUBNAGAR SUPER FRANCHISEE,Billed Wt,Ground,14181.0
H98-MANCHERIAL SUPER FRANCHISEE,Volume,Air,397.0
H98-MANCHERIAL SUPER FRANCHISEE,Billed Wt,Air,162.0
H98-MANCHERIAL SUPER FRANCHISEE,Volume,Ground,8819.0
H98-MANCHERIAL SUPER FRANCHISEE,Billed Wt,Ground,7952.0
H53-NIZAMABAD SUPER FRANCHISEE,Volume,Air,1047.0
H53-NIZAMABAD SUPER FRANCHISEE,Billed Wt,Air,486.0
H53-NIZAMABAD SUPER FRANCHISEE,Volume,Ground,10353.0
H53-NIZAMABAD SUPER FRANCHISEE,Billed Wt,Ground,7585.0
H96-SHAMSHABAD BRANCH,Volume,Air,2917.0
H96-SHAMSHABAD BRANCH,Billed Wt,Air,5538.0
H96-SHAMSHABAD BRANCH,Volume,Ground,19071.0
H96-SHAMSHABAD BRANCH,Billed Wt,Ground,33042.0
H66-HYDERABAD SCS APEX,Volume,Air,0.0
H66-HYDERABAD SCS APEX,Billed Wt,Air,0.0
H66-HYDERABAD SCS APEX,Volume,Ground,657.0
H66-HYDERABAD SCS APEX,Billed Wt,Ground,48352.0
H92-SURYAPET BRANCH,Volume,Air,674.0
H92-SURYAPET BRANCH,Billed Wt,Air,285.0
H92-SURYAPET BRANCH,Volume,Ground,16122.0
H92-SURYAPET BRANCH,Billed Wt,Ground,10073.0
H17-WARANGAL SUPER FRANCHISEE,Volume,Air,1436.0
H17-WARANGAL SUPER FRANCHISEE,Billed Wt,Air,929.0
H17-WARANGAL SUPER FRANCHISEE,Volume,Ground,26259.0
H17-WARANGAL SUPER FRANCHISEE,Billed Wt,Ground,27010.0
V07-ANANTHPUR SUPER FRANCHISEE,Volume,Air,806.0
V07-ANANTHPUR SUPER FRANCHISEE,Billed Wt,Air,395.0
V07-ANANTHPUR SUPER FRANCHISEE,Volume,Ground,29002.0
V07-ANANTHPUR SUPER FRANCHISEE,Billed Wt,Ground,28715.0
V24-HINDUPUR BRANCH,Volume,Air,191.0
V24-HINDUPUR BRANCH,Billed Wt,Air,100.0
V24-HINDUPUR BRANCH,Volume,Ground,4984.0
V24-HINDUPUR BRANCH,Billed Wt,Ground,6083.0
V57-BHIMAVARAM SUB BRANCH,Volume,Air,1264.0
V57-BHIMAVARAM SUB BRANCH,Billed Wt,Air,513.0
V57-BHIMAVARAM SUB BRANCH,Volume,Ground,19821.0
V57-BHIMAVARAM SUB BRANCH,Billed Wt,Ground,17250.0
V32-CHITTOOR NODAL POINT,Volume,Air,189.0
V32-CHITTOOR NODAL POINT,Billed Wt,Air,96.0
V32-CHITTOOR NODAL POINT,Volume,Ground,5244.0
V32-CHITTOOR NODAL POINT,Billed Wt,Ground,8510.0
V13-CUDDAPAH SUPER FRANCHISEE,Volume,Air,1164.0
V13-CUDDAPAH SUPER FRANCHISEE,Billed Wt,Air,412.0
V13-CUDDAPAH SUPER FRANCHISEE,Volume,Ground,23931.0
V13-CUDDAPAH SUPER FRANCHISEE,Billed Wt,Ground,22303.0
V08-GUNTUR BRANCH,Volume,Air,4007.0
V08-GUNTUR BRANCH,Billed Wt,Air,4024.0
V08-GUNTUR BRANCH,Volume,Ground,94119.0
V08-GUNTUR BRANCH,Billed Wt,Ground,101695.0
V15-KAKINADA SUB BRANCH,Volume,Air,2886.0
V15-KAKINADA SUB BRANCH,Billed Wt,Air,3001.0
V15-KAKINADA SUB BRANCH,Volume,Ground,21028.0
V15-KAKINADA SUB BRANCH,Billed Wt,Ground,16483.0
V04-KURNOOL BRANCH,Volume,Air,1633.0
V04-KURNOOL BRANCH,Billed Wt,Air,574.0
V04-KURNOOL BRANCH,Volume,Ground,31614.0
V04-KURNOOL BRANCH,Billed Wt,Ground,31704.0
V21-MADANAPALLI SORTING OFFICE,Volume,Air,211.0
V21-MADANAPALLI SORTING OFFICE,Billed Wt,Air,155.0
V21-MADANAPALLI SORTING OFFICE,Volume,Ground,7275.0
V21-MADANAPALLI SORTING OFFICE,Billed Wt,Ground,7413.0
V22-NANDYAL SUB BRANCH,Volume,Air,465.0
V22-NANDYAL SUB BRANCH,Billed Wt,Air,238.0
V22-NANDYAL SUB BRANCH,Volume,Ground,6524.0
V22-NANDYAL SUB BRANCH,Billed Wt,Ground,5362.0
V09-NELLORE SUPER FRANCHISEE,Volume,Air,1291.0
V09-NELLORE SUPER FRANCHISEE,Billed Wt,Air,566.0
V09-NELLORE SUPER FRANCHISEE,Volume,Ground,33058.0
V09-NELLORE SUPER FRANCHISEE,Billed Wt,Ground,35046.0
V10-ONGOLE BRANCH,Volume,Air,1244.0
V10-ONGOLE BRANCH,Billed Wt,Air,572.0
V10-ONGOLE BRANCH,Volume,Ground,39358.0
V10-ONGOLE BRANCH,Billed Wt,Ground,31207.0
V05-RAJAHMUNDRY BRANCH,Volume,Air,5275.0
V05-RAJAHMUNDRY BRANCH,Billed Wt,Air,4694.0
V05-RAJAHMUNDRY BRANCH,Volume,Ground,41890.0
V05-RAJAHMUNDRY BRANCH,Billed Wt,Ground,43478.0
V12-SRIKAKULAM BRANCH,Volume,Air,972.0
V12-SRIKAKULAM BRANCH,Billed Wt,Air,317.0
V12-SRIKAKULAM BRANCH,Volume,Ground,10376.0
V12-SRIKAKULAM BRANCH,Billed Wt,Ground,11002.0
V01-TIRUPATI BRANCH,Volume,Air,1720.0
V01-TIRUPATI BRANCH,Billed Wt,Air,1307.0
V01-TIRUPATI BRANCH,Volume,Ground,28522.0
V01-TIRUPATI BRANCH,Billed Wt,Ground,35936.0
V06-VIJAYAWADA APEX,Volume,Air,62.0
V06-VIJAYAWADA APEX,Billed Wt,Air,29.0
V06-VIJAYAWADA APEX,Volume,Ground,920.0
V06-VIJAYAWADA APEX,Billed Wt,Ground,72726.0
V58-VIJAYAWADA BRANCH,Volume,Air,11769.0
V58-VIJAYAWADA BRANCH,Billed Wt,Air,11323.0
V58-VIJAYAWADA BRANCH,Volume,Ground,172967.0
V58-VIJAYAWADA BRANCH,Billed Wt,Ground,279147.0
V02-VISHAKAPATNAM APEX,Volume,Air,9784.0
V02-VISHAKAPATNAM APEX,Billed Wt,Air,7723.0
V02-VISHAKAPATNAM APEX,Volume,Ground,59434.0
V02-VISHAKAPATNAM APEX,Billed Wt,Ground,96290.0
V16-GAJUWAKA SUPER FRANCHISEE,Volume,Air,3250.0
V16-GAJUWAKA SUPER FRANCHISEE,Billed Wt,Air,1914.0
V16-GAJUWAKA SUPER FRANCHISEE,Volume,Ground,25491.0
V16-GAJUWAKA SUPER FRANCHISEE,Billed Wt,Ground,31386.0
V11-VIZIANAGARAM BRANCH,Volume,Air,806.0
V11-VIZIANAGARAM BRANCH,Billed Wt,Air,500.0
V11-VIZIANAGARAM BRANCH,Volume,Ground,10771.0
V11-VIZIANAGARAM BRANCH,Billed Wt,Ground,14340.0
A01-AHMEDABAD APEX,Volume,Air,458.0
A01-AHMEDABAD APEX,Billed Wt,Air,1323.0
A01-AHMEDABAD APEX,Volume,Ground,4939.0
A01-AHMEDABAD APEX,Billed Wt,Ground,18567.0
A11-KHOKHRA BRANCH,Volume,Air,8246.0
A11-KHOKHRA BRANCH,Billed Wt,Air,7916.0
A11-KHOKHRA BRANCH,Volume,Ground,48812.0
A11-KHOKHRA BRANCH,Billed Wt,Ground,130201.0
A24-AHMEDABAD BRANCH,Volume,Air,8871.0
A24-AHMEDABAD BRANCH,Billed Wt,Air,7133.0
A24-AHMEDABAD BRANCH,Volume,Ground,34839.0
A24-AHMEDABAD BRANCH,Billed Wt,Ground,57612.0
A36-AHMEDABAD WEST BRANCH,Volume,Air,6633.0
A36-AHMEDABAD WEST BRANCH,Billed Wt,Air,11819.0
A36-AHMEDABAD WEST BRANCH,Volume,Ground,43308.0
A36-AHMEDABAD WEST BRANCH,Billed Wt,Ground,104107.0
A48-CHILODA BRANCH,Volume,Air,8150.0
A48-CHILODA BRANCH,Billed Wt,Air,65476.0
A48-CHILODA BRANCH,Volume,Ground,23878.0
A48-CHILODA BRANCH,Billed Wt,Ground,115931.0
A44-ANAND BRANCH,Volume,Air,1694.0
A44-ANAND BRANCH,Billed Wt,Air,3487.0
A44-ANAND BRANCH,Volume,Ground,5865.0
A44-ANAND BRANCH,Billed Wt,Ground,14707.0
A07-ANKLESHWAR BRANCH,Volume,Air,157.0
A07-ANKLESHWAR BRANCH,Billed Wt,Air,203.0
A07-ANKLESHWAR BRANCH,Volume,Ground,5613.0
A07-ANKLESHWAR BRANCH,Billed Wt,Ground,13341.0
A02-BARODA BRANCH,Volume,Air,2196.0
A02-BARODA BRANCH,Billed Wt,Air,2289.0
A02-BARODA BRANCH,Volume,Ground,16213.0
A02-BARODA BRANCH,Billed Wt,Ground,39384.0
A17-BARODA SCS APEX,Volume,Air,1816.0
A17-BARODA SCS APEX,Billed Wt,Air,1512.0
A17-BARODA SCS APEX,Volume,Ground,22001.0
A17-BARODA SCS APEX,Billed Wt,Ground,51950.0
A27-BHAVNAGAR SORTING OFFICE,Volume,Air,455.0
A27-BHAVNAGAR SORTING OFFICE,Billed Wt,Air,659.0
A27-BHAVNAGAR SORTING OFFICE,Volume,Ground,2318.0
A27-BHAVNAGAR SORTING OFFICE,Billed Wt,Ground,5624.0
A47-BHUJ SUPER FRANCHISEE,Volume,Air,1166.0
A47-BHUJ SUPER FRANCHISEE,Billed Wt,Air,3294.0
A47-BHUJ SUPER FRANCHISEE,Volume,Ground,6223.0
A47-BHUJ SUPER FRANCHISEE,Billed Wt,Ground,21618.0
A51-DAHEJ SORTING OFFICE,Volume,Air,0.0
A51-DAHEJ SORTING OFFICE,Billed Wt,Air,0.0
A51-DAHEJ SORTING OFFICE,Volume,Ground,3.0
A51-DAHEJ SORTING OFFICE,Billed Wt,Ground,5.0
A38-GANDHINAGAR BRANCH,Volume,Air,3229.0
A38-GANDHINAGAR BRANCH,Billed Wt,Air,2941.0
A38-GANDHINAGAR BRANCH,Volume,Ground,7884.0
A38-GANDHINAGAR BRANCH,Billed Wt,Ground,25947.0
A49-HALOL BRANCH,Volume,Air,0.0
A49-HALOL BRANCH,Billed Wt,Air,0.0
A49-HALOL BRANCH,Volume,Ground,4.0
A49-HALOL BRANCH,Billed Wt,Ground,2.0
A33-JAMNAGAR BRANCH,Volume,Air,848.0
A33-JAMNAGAR BRANCH,Billed Wt,Air,408.0
A33-JAMNAGAR BRANCH,Volume,Ground,3993.0
A33-JAMNAGAR BRANCH,Billed Wt,Ground,5502.0
A16-KUTCH DDLP SUPER FRANCHISE,Volume,Air,562.0
A16-KUTCH DDLP SUPER FRANCHISE,Billed Wt,Air,491.0
A16-KUTCH DDLP SUPER FRANCHISE,Volume,Ground,12083.0
A16-KUTCH DDLP SUPER FRANCHISE,Billed Wt,Ground,8226.0
A18-MEHSANA SERVICE CENTER,Volume,Air,810.0
A18-MEHSANA SERVICE CENTER,Billed Wt,Air,870.0
A18-MEHSANA SERVICE CENTER,Volume,Ground,13137.0
A18-MEHSANA SERVICE CENTER,Billed Wt,Ground,29607.0
A03-RAJKOT BRANCH,Volume,Air,5396.0
A03-RAJKOT BRANCH,Billed Wt,Air,9929.0
A03-RAJKOT BRANCH,Volume,Ground,61886.0
A03-RAJKOT BRANCH,Billed Wt,Ground,152344.0
A50-SANAND SERVICE CENTER,Volume,Air,542.0
A50-SANAND SERVICE CENTER,Billed Wt,Air,1717.0
A50-SANAND SERVICE CENTER,Volume,Ground,3106.0
A50-SANAND SERVICE CENTER,Billed Wt,Ground,7440.0
A04-SURAT APEX,Volume,Air,47509.0
A04-SURAT APEX,Billed Wt,Air,52536.0
A04-SURAT APEX,Volume,Ground,53448.0
A04-SURAT APEX,Billed Wt,Ground,143147.0
A46-SURAT CITY BRANCH,Volume,Air,56377.0
A46-SURAT CITY BRANCH,Billed Wt,Air,79220.0
A46-SURAT CITY BRANCH,Volume,Ground,104871.0
A46-SURAT CITY BRANCH,Billed Wt,Ground,203254.0
A45-SURENDRANAGAR BRANCH,Volume,Air,96.0
A45-SURENDRANAGAR BRANCH,Billed Wt,Air,91.0
A45-SURENDRANAGAR BRANCH,Volume,Ground,3527.0
A45-SURENDRANAGAR BRANCH,Billed Wt,Ground,5288.0
A05-VAPI BRANCH,Volume,Air,2023.0
A05-VAPI BRANCH,Billed Wt,Air,2756.0
A05-VAPI BRANCH,Volume,Ground,21573.0
A05-VAPI BRANCH,Billed Wt,Ground,46380.0
I39-BETUL BRANCH,Volume,Air,125.0
I39-BETUL BRANCH,Billed Wt,Air,66.0
I39-BETUL BRANCH,Volume,Ground,1495.0
I39-BETUL BRANCH,Billed Wt,Ground,3501.0
I02-BHOPAL BRANCH,Volume,Air,3006.0
I02-BHOPAL BRANCH,Billed Wt,Air,4244.0
I02-BHOPAL BRANCH,Volume,Ground,26258.0
I02-BHOPAL BRANCH,Billed Wt,Ground,84391.0
I10-BHOPAL T/S APEX,Volume,Air,21.0
I10-BHOPAL T/S APEX,Billed Wt,Air,3.0
I10-BHOPAL T/S APEX,Volume,Ground,355.0
I10-BHOPAL T/S APEX,Billed Wt,Ground,1845.0
I43-BHOPAL CITY BRANCH,Volume,Air,5235.0
I43-BHOPAL CITY BRANCH,Billed Wt,Air,4105.0
I43-BHOPAL CITY BRANCH,Volume,Ground,24570.0
I43-BHOPAL CITY BRANCH,Billed Wt,Ground,45735.0
I11-CHHINDWARA SORTING OFFICE,Volume,Air,227.0
I11-CHHINDWARA SORTING OFFICE,Billed Wt,Air,125.0
I11-CHHINDWARA SORTING OFFICE,Volume,Ground,2351.0
I11-CHHINDWARA SORTING OFFICE,Billed Wt,Ground,2371.0
I20-DEWAS BRANCH,Volume,Air,93.0
I20-DEWAS BRANCH,Billed Wt,Air,42.0
I20-DEWAS BRANCH,Volume,Ground,2122.0
I20-DEWAS BRANCH,Billed Wt,Ground,3778.0
I01-INDORE APEX,Volume,Air,3595.0
I01-INDORE APEX,Billed Wt,Air,4756.0
I01-INDORE APEX,Volume,Ground,14375.0
I01-INDORE APEX,Billed Wt,Ground,38042.0
I04-INDORE T/S APEX,Volume,Air,935.0
I04-INDORE T/S APEX,Billed Wt,Air,513.0
I04-INDORE T/S APEX,Volume,Ground,20475.0
I04-INDORE T/S APEX,Billed Wt,Ground,19865.0
I24-INDORE SURFACE APEX,Volume,Air,0.0
I24-INDORE SURFACE APEX,Billed Wt,Air,0.0
I24-INDORE SURFACE APEX,Volume,Ground,452.0
I24-INDORE SURFACE APEX,Billed Wt,Ground,17153.0
I42-INDORE CITY BRANCH,Volume,Air,2579.0
I42-INDORE CITY BRANCH,Billed Wt,Air,2120.0
I42-INDORE CITY BRANCH,Volume,Ground,30586.0
I42-INDORE CITY BRANCH,Billed Wt,Ground,47115.0
I46-INDORE DEWASNAKA BRANCH,Volume,Air,4502.0
I46-INDORE DEWASNAKA BRANCH,Billed Wt,Air,5690.0
I46-INDORE DEWASNAKA BRANCH,Volume,Ground,42743.0
I46-INDORE DEWASNAKA BRANCH,Billed Wt,Ground,121999.0
I08-JABALPUR BRANCH,Volume,Air,1183.0
I08-JABALPUR BRANCH,Billed Wt,Air,938.0
I08-JABALPUR BRANCH,Volume,Ground,13745.0
I08-JABALPUR BRANCH,Billed Wt,Ground,17008.0
I30-SHAHDOL NODAL POINT,Volume,Air,56.0
I30-SHAHDOL NODAL POINT,Billed Wt,Air,38.0
I30-SHAHDOL NODAL POINT,Volume,Ground,501.0
I30-SHAHDOL NODAL POINT,Billed Wt,Ground,657.0
I45-KATNI SORTING OFFICE,Volume,Air,1.0
I45-KATNI SORTING OFFICE,Billed Wt,Air,0.0
I45-KATNI SORTING OFFICE,Volume,Ground,34.0
I45-KATNI SORTING OFFICE,Billed Wt,Ground,42.0
I41-MANDIDEEP SERVICE CENTER,Volume,Air,6.0
I41-MANDIDEEP SERVICE CENTER,Billed Wt,Air,1.0
I41-MANDIDEEP SERVICE CENTER,Volume,Ground,41.0
I41-MANDIDEEP SERVICE CENTER,Billed Wt,Ground,143.0
I16-MANDSAUR SORTING OFFICE,Volume,Air,983.0
I16-MANDSAUR SORTING OFFICE,Billed Wt,Air,835.0
I16-MANDSAUR SORTING OFFICE,Volume,Ground,1681.0
I16-MANDSAUR SORTING OFFICE,Billed Wt,Ground,2329.0
I29-NEEMUCH NODAL POINT,Volume,Air,264.0
I29-NEEMUCH NODAL POINT,Billed Wt,Air,155.0
I29-NEEMUCH NODAL POINT,Volume,Ground,1627.0
I29-NEEMUCH NODAL POINT,Billed Wt,Ground,2191.0
I03-PITHAMPUR SUB BRANCH,Volume,Air,724.0
I03-PITHAMPUR SUB BRANCH,Billed Wt,Air,584.0
I03-PITHAMPUR SUB BRANCH,Volume,Ground,6488.0
I03-PITHAMPUR SUB BRANCH,Billed Wt,Ground,16754.0
I07-RATLAM SORTING OFFICE,Volume,Air,237.0
I07-RATLAM SORTING OFFICE,Billed Wt,Air,192.0
I07-RATLAM SORTING OFFICE,Volume,Ground,4179.0
I07-RATLAM SORTING OFFICE,Billed Wt,Ground,5232.0
I19-REWA BRANCH,Volume,Air,295.0
I19-REWA BRANCH,Billed Wt,Air,203.0
I19-REWA BRANCH,Volume,Ground,3420.0
I19-REWA BRANCH,Billed Wt,Ground,5253.0
I34-SAGAR BRANCH,Volume,Air,136.0
I34-SAGAR BRANCH,Billed Wt,Air,94.0
I34-SAGAR BRANCH,Volume,Ground,1811.0
I34-SAGAR BRANCH,Billed Wt,Ground,2665.0
I44-SATNA SORTING OFFICE,Volume,Air,1.0
I44-SATNA SORTING OFFICE,Billed Wt,Air,0.0
I44-SATNA SORTING OFFICE,Volume,Ground,16.0
I44-SATNA SORTING OFFICE,Billed Wt,Ground,12.0
I40-UJJAIN SORTING OFFICE,Volume,Air,0.0
I40-UJJAIN SORTING OFFICE,Billed Wt,Air,0.0
I40-UJJAIN SORTING OFFICE,Volume,Ground,6.0
I40-UJJAIN SORTING OFFICE,Billed Wt,Ground,1.0
M33-MUMBAI VADPE APEX,Volume,Air,6.0
M33-MUMBAI VADPE APEX,Billed Wt,Air,8.0
M33-MUMBAI VADPE APEX,Volume,Ground,1024.0
M33-MUMBAI VADPE APEX,Billed Wt,Ground,44859.0
M35-BHIWANDI BRANCH,Volume,Air,20734.0
M35-BHIWANDI BRANCH,Billed Wt,Air,32203.0
M35-BHIWANDI BRANCH,Volume,Ground,67128.0
M35-BHIWANDI BRANCH,Billed Wt,Ground,363693.0
M75-MUMBAI VADAPE- BHIWANDI PROCESSING CENTER,Volume,Air,24094.0
M75-MUMBAI VADAPE- BHIWANDI PROCESSING CENTER,Billed Wt,Air,31980.0
M75-MUMBAI VADAPE- BHIWANDI PROCESSING CENTER,Volume,Ground,74222.0
M75-MUMBAI VADAPE- BHIWANDI PROCESSING CENTER,Billed Wt,Ground,213938.0
M85-BHIWANDI RKG BRANCH,Volume,Air,567.0
M85-BHIWANDI RKG BRANCH,Billed Wt,Air,708.0
M85-BHIWANDI RKG BRANCH,Volume,Ground,13929.0
M85-BHIWANDI RKG BRANCH,Billed Wt,Ground,15197.0
M57-BOISAR BRANCH,Volume,Air,533.0
M57-BOISAR BRANCH,Billed Wt,Air,1744.0
M57-BOISAR BRANCH,Volume,Ground,10136.0
M57-BOISAR BRANCH,Billed Wt,Ground,47241.0
M47-KALYAN BRANCH,Volume,Air,6656.0
M47-KALYAN BRANCH,Billed Wt,Air,6415.0
M47-KALYAN BRANCH,Volume,Ground,32589.0
M47-KALYAN BRANCH,Billed Wt,Ground,51429.0
M01-LOWER PAREL BRANCH,Volume,Air,22772.0
M01-LOWER PAREL BRANCH,Billed Wt,Air,30349.0
M01-LOWER PAREL BRANCH,Volume,Ground,110800.0
M01-LOWER PAREL BRANCH,Billed Wt,Ground,171166.0
M02-FORT BRANCH,Volume,Air,13390.0
M02-FORT BRANCH,Billed Wt,Air,9483.0
M02-FORT BRANCH,Volume,Ground,49954.0
M02-FORT BRANCH,Billed Wt,Ground,75041.0
M04-MIDC BRANCH,Volume,Air,8934.0
M04-MIDC BRANCH,Billed Wt,Air,10167.0
M04-MIDC BRANCH,Volume,Ground,55761.0
M04-MIDC BRANCH,Billed Wt,Ground,97642.0
M05-GOREGAON BRANCH,Volume,Air,15981.0
M05-GOREGAON BRANCH,Billed Wt,Air,15060.0
M05-GOREGAON BRANCH,Volume,Ground,60192.0
M05-GOREGAON BRANCH,Billed Wt,Ground,109226.0
M06-GHATKOPAR BRANCH,Volume,Air,11296.0
M06-GHATKOPAR BRANCH,Billed Wt,Air,11581.0
M06-GHATKOPAR BRANCH,Volume,Ground,33554.0
M06-GHATKOPAR BRANCH,Billed Wt,Ground,57690.0
M07-THANE BRANCH,Volume,Air,9897.0
M07-THANE BRANCH,Billed Wt,Air,12502.0
M07-THANE BRANCH,Volume,Ground,58907.0
M07-THANE BRANCH,Billed Wt,Ground,72421.0
M08-VASHI BRANCH,Volume,Air,22880.0
M08-VASHI BRANCH,Billed Wt,Air,20445.0
M08-VASHI BRANCH,Volume,Ground,65828.0
M08-VASHI BRANCH,Billed Wt,Ground,108870.0
M10-MUMBAI SAKINAKA APEX,Volume,Air,3695.0
M10-MUMBAI SAKINAKA APEX,Billed Wt,Air,22596.0
M10-MUMBAI SAKINAKA APEX,Volume,Ground,2948.0
M10-MUMBAI SAKINAKA APEX,Billed Wt,Ground,23264.0
M13-MUMBAI INTERNATIONAL APEX,Volume,Air,0.0
M13-MUMBAI INTERNATIONAL APEX,Billed Wt,Air,0.0
M13-MUMBAI INTERNATIONAL APEX,Volume,Ground,186.0
M13-MUMBAI INTERNATIONAL APEX,Billed Wt,Ground,433.0
M45-CHEMBUR BRANCH,Volume,Air,7105.0
M45-CHEMBUR BRANCH,Billed Wt,Air,6448.0
M45-CHEMBUR BRANCH,Volume,Ground,33074.0
M45-CHEMBUR BRANCH,Billed Wt,Ground,61721.0
M48-ANDHERI BRANCH,Volume,Air,15876.0
M48-ANDHERI BRANCH,Billed Wt,Air,15723.0
M48-ANDHERI BRANCH,Volume,Ground,51116.0
M48-ANDHERI BRANCH,Billed Wt,Ground,125999.0
M54-MAROL BRANCH,Volume,Air,11369.0
M54-MAROL BRANCH,Billed Wt,Air,14161.0
M54-MAROL BRANCH,Volume,Ground,78891.0
M54-MAROL BRANCH,Billed Wt,Ground,155564.0
M59-BHANDUP BRANCH,Volume,Air,5726.0
M59-BHANDUP BRANCH,Billed Wt,Air,6693.0
M59-BHANDUP BRANCH,Volume,Ground,23292.0
M59-BHANDUP BRANCH,Billed Wt,Ground,31103.0
M61-DAHISAR BRANCH,Volume,Air,7241.0
M61-DAHISAR BRANCH,Billed Wt,Air,10571.0
M61-DAHISAR BRANCH,Volume,Ground,22673.0
M61-DAHISAR BRANCH,Billed Wt,Ground,39787.0
M66-MAHAPE BRANCH,Volume,Air,7385.0
M66-MAHAPE BRANCH,Billed Wt,Air,14544.0
M66-MAHAPE BRANCH,Volume,Ground,37655.0
M66-MAHAPE BRANCH,Billed Wt,Ground,77136.0
M68-BANDRA SORTING OFFICE,Volume,Air,0.0
M68-BANDRA SORTING OFFICE,Billed Wt,Air,0.0
M68-BANDRA SORTING OFFICE,Volume,Ground,4.0
M68-BANDRA SORTING OFFICE,Billed Wt,Ground,0.0
M69-MUMBAI DP PROCESSING CENTRE APEX,Volume,Air,230858.0
M69-MUMBAI DP PROCESSING CENTRE APEX,Billed Wt,Air,62230.0
M69-MUMBAI DP PROCESSING CENTRE APEX,Volume,Ground,182410.0
M69-MUMBAI DP PROCESSING CENTRE APEX,Billed Wt,Ground,107409.0
M78-ANDHERI WEST BRANCH,Volume,Air,6925.0
M78-ANDHERI WEST BRANCH,Billed Wt,Air,6678.0
M78-ANDHERI WEST BRANCH,Volume,Ground,27534.0
M78-ANDHERI WEST BRANCH,Billed Wt,Ground,41913.0
M86-NEW MUMBAI PROCESSING CENTRE APEX,Volume,Air,89.0
M86-NEW MUMBAI PROCESSING CENTRE APEX,Billed Wt,Air,15.0
M86-NEW MUMBAI PROCESSING CENTRE APEX,Volume,Ground,0.0
M86-NEW MUMBAI PROCESSING CENTRE APEX,Billed Wt,Ground,0.0
M87-MALAD SERVICE CENTER,Volume,Air,1167.0
M87-MALAD SERVICE CENTER,Billed Wt,Air,1218.0
M87-MALAD SERVICE CENTER,Volume,Ground,3463.0
M87-MALAD SERVICE CENTER,Billed Wt,Ground,5696.0
M39-PANVEL BRANCH,Volume,Air,3402.0
M39-PANVEL BRANCH,Billed Wt,Air,5421.0
M39-PANVEL BRANCH,Volume,Ground,29856.0
M39-PANVEL BRANCH,Billed Wt,Ground,54906.0
M63-WADKAL BRANCH,Volume,Air,12.0
M63-WADKAL BRANCH,Billed Wt,Air,51.0
M63-WADKAL BRANCH,Volume,Ground,57.0
M63-WADKAL BRANCH,Billed Wt,Ground,157.0
M46-VASAI BRANCH,Volume,Air,8822.0
M46-VASAI BRANCH,Billed Wt,Air,26985.0
M46-VASAI BRANCH,Volume,Ground,39598.0
M46-VASAI BRANCH,Billed Wt,Ground,134298.0
R04-AKOLA BRANCH,Volume,Air,294.0
R04-AKOLA BRANCH,Billed Wt,Air,176.0
R04-AKOLA BRANCH,Volume,Ground,2874.0
R04-AKOLA BRANCH,Billed Wt,Ground,2818.0
R12-AMRAVATI BRANCH,Volume,Air,717.0
R12-AMRAVATI BRANCH,Billed Wt,Air,669.0
R12-AMRAVATI BRANCH,Volume,Ground,4443.0
R12-AMRAVATI BRANCH,Billed Wt,Ground,5457.0
R29-AMBIKAPUR NODAL POINT,Volume,Air,77.0
R29-AMBIKAPUR NODAL POINT,Billed Wt,Air,20.0
R29-AMBIKAPUR NODAL POINT,Volume,Ground,1227.0
R29-AMBIKAPUR NODAL POINT,Billed Wt,Ground,2099.0
R08-BHILLAI BRANCH,Volume,Air,365.0
R08-BHILLAI BRANCH,Billed Wt,Air,222.0
R08-BHILLAI BRANCH,Volume,Ground,8675.0
R08-BHILLAI BRANCH,Billed Wt,Ground,8278.0
R07-BILASPUR BRANCH,Volume,Air,501.0
R07-BILASPUR BRANCH,Billed Wt,Air,409.0
R07-BILASPUR BRANCH,Volume,Ground,5097.0
R07-BILASPUR BRANCH,Billed Wt,Ground,9496.0
R02-CHANDRAPUR SUPER FRANCHISE,Volume,Air,323.0
R02-CHANDRAPUR SUPER FRANCHISE,Billed Wt,Air,200.0
R02-CHANDRAPUR SUPER FRANCHISE,Volume,Ground,3210.0
R02-CHANDRAPUR SUPER FRANCHISE,Billed Wt,Ground,3459.0
R28-KHAMGAON SORTING OFFICE,Volume,Air,93.0
R28-KHAMGAON SORTING OFFICE,Billed Wt,Air,71.0
R28-KHAMGAON SORTING OFFICE,Volume,Ground,1889.0
R28-KHAMGAON SORTING OFFICE,Billed Wt,Ground,2194.0
R10-KORBA BRANCH,Volume,Air,45.0
R10-KORBA BRANCH,Billed Wt,Air,51.0
R10-KORBA BRANCH,Volume,Ground,1294.0
R10-KORBA BRANCH,Billed Wt,Ground,1853.0
R01-NAGPUR AIR APEX,Volume,Air,15.0
R01-NAGPUR AIR APEX,Billed Wt,Air,75.0
R01-NAGPUR AIR APEX,Volume,Ground,1343.0
R01-NAGPUR AIR APEX,Billed Wt,Ground,923.0
R05-NAGPUR T/S APEX,Volume,Air,6.0
R05-NAGPUR T/S APEX,Billed Wt,Air,0.0
R05-NAGPUR T/S APEX,Volume,Ground,181.0
R05-NAGPUR T/S APEX,Billed Wt,Ground,73.0
R11-NAGPUR PANDE LAYOUT BRANCH,Volume,Air,5100.0
R11-NAGPUR PANDE LAYOUT BRANCH,Billed Wt,Air,8825.0
R11-NAGPUR PANDE LAYOUT BRANCH,Volume,Ground,28589.0
R11-NAGPUR PANDE LAYOUT BRANCH,Billed Wt,Ground,41657.0
R16-NAGPUR SCS APEX,Volume,Air,4.0
R16-NAGPUR SCS APEX,Billed Wt,Air,3.0
R16-NAGPUR SCS APEX,Volume,Ground,229.0
R16-NAGPUR SCS APEX,Billed Wt,Ground,2911.0
R32-NAGPUR GHAT ROAD BRANCH,Volume,Air,5892.0
R32-NAGPUR GHAT ROAD BRANCH,Billed Wt,Air,10194.0
R32-NAGPUR GHAT ROAD BRANCH,Volume,Ground,38753.0
R32-NAGPUR GHAT ROAD BRANCH,Billed Wt,Ground,35616.0
R19-RAIGARH BRANCH,Volume,Air,130.0
R19-RAIGARH BRANCH,Billed Wt,Air,100.0
R19-RAIGARH BRANCH,Volume,Ground,2659.0
R19-RAIGARH BRANCH,Billed Wt,Ground,2621.0
R06-RAIPUR APEX,Volume,Air,2514.0
R06-RAIPUR APEX,Billed Wt,Air,2804.0
R06-RAIPUR APEX,Volume,Ground,31728.0
R06-RAIPUR APEX,Billed Wt,Ground,37062.0
R17-RAIPUR T/S APEX,Volume,Air,2.0
R17-RAIPUR T/S APEX,Billed Wt,Air,0.0
R17-RAIPUR T/S APEX,Volume,Ground,15.0
R17-RAIPUR T/S APEX,Billed Wt,Ground,26.0
R13-YAVATMAL SUPER FRANCHISEE,Volume,Air,560.0
R13-YAVATMAL SUPER FRANCHISEE,Billed Wt,Air,211.0
R13-YAVATMAL SUPER FRANCHISEE,Volume,Ground,4058.0
R13-YAVATMAL SUPER FRANCHISEE,Billed Wt,Ground,3935.0
P08-AHILYANAGAR SUPER FRANCHISEE,Volume,Air,558.0
P08-AHILYANAGAR SUPER FRANCHISEE,Billed Wt,Air,332.0
P08-AHILYANAGAR SUPER FRANCHISEE,Volume,Ground,13110.0
P08-AHILYANAGAR SUPER FRANCHISEE,Billed Wt,Ground,12717.0
P09-CHHATRAPATI SAMBHAJINAGAR BRANCH,Volume,Air,1874.0
P09-CHHATRAPATI SAMBHAJINAGAR BRANCH,Billed Wt,Air,1644.0
P09-CHHATRAPATI SAMBHAJINAGAR BRANCH,Volume,Ground,23214.0
P09-CHHATRAPATI SAMBHAJINAGAR BRANCH,Billed Wt,Ground,72484.0
P56-WALUJ BRANCH,Volume,Air,254.0
P56-WALUJ BRANCH,Billed Wt,Air,2312.0
P56-WALUJ BRANCH,Volume,Ground,7174.0
P56-WALUJ BRANCH,Billed Wt,Ground,26167.0
P25-BARAMATI MASTER FRANCHISEE,Volume,Air,504.0
P25-BARAMATI MASTER FRANCHISEE,Billed Wt,Air,354.0
P25-BARAMATI MASTER FRANCHISEE,Volume,Ground,8253.0
P25-BARAMATI MASTER FRANCHISEE,Billed Wt,Ground,15230.0
P21-CHIPLUN BRANCH,Volume,Air,79.0
P21-CHIPLUN BRANCH,Billed Wt,Air,56.0
P21-CHIPLUN BRANCH,Volume,Ground,394.0
P21-CHIPLUN BRANCH,Billed Wt,Ground,931.0
P38-DHULE BRANCH,Volume,Air,213.0
P38-DHULE BRANCH,Billed Wt,Air,154.0
P38-DHULE BRANCH,Volume,Ground,15657.0
P38-DHULE BRANCH,Billed Wt,Ground,25953.0
P62-ICHALKARANJI SORTING OFFICE,Volume,Air,162.0
P62-ICHALKARANJI SORTING OFFICE,Billed Wt,Air,126.0
P62-ICHALKARANJI SORTING OFFICE,Volume,Ground,2775.0
P62-ICHALKARANJI SORTING OFFICE,Billed Wt,Ground,5750.0
P20-JALGAON SUPER FRANCHISEE,Volume,Air,337.0
P20-JALGAON SUPER FRANCHISEE,Billed Wt,Air,253.0
P20-JALGAON SUPER FRANCHISEE,Volume,Ground,6616.0
P20-JALGAON SUPER FRANCHISEE,Billed Wt,Ground,7216.0
P61-JALNA SORTING OFFICE,Volume,Air,74.0
P61-JALNA SORTING OFFICE,Billed Wt,Air,38.0
P61-JALNA SORTING OFFICE,Volume,Ground,1955.0
P61-JALNA SORTING OFFICE,Billed Wt,Ground,3344.0
P26-KANKAVALI BRANCH,Volume,Air,33.0
P26-KANKAVALI BRANCH,Billed Wt,Air,14.0
P26-KANKAVALI BRANCH,Volume,Ground,666.0
P26-KANKAVALI BRANCH,Billed Wt,Ground,978.0
P11-KOLHAPUR BRANCH,Volume,Air,2562.0
P11-KOLHAPUR BRANCH,Billed Wt,Air,4079.0
P11-KOLHAPUR BRANCH,Volume,Ground,25969.0
P11-KOLHAPUR BRANCH,Billed Wt,Ground,37838.0
P16-LATUR BRANCH,Volume,Air,423.0
P16-LATUR BRANCH,Billed Wt,Air,314.0
P16-LATUR BRANCH,Volume,Ground,5005.0
P16-LATUR BRANCH,Billed Wt,Ground,5601.0
P72-BEED BRANCH,Volume,Air,136.0
P72-BEED BRANCH,Billed Wt,Air,282.0
P72-BEED BRANCH,Volume,Ground,1530.0
P72-BEED BRANCH,Billed Wt,Ground,1329.0
P17-NANDED SUPER FRANCHISEE,Volume,Air,217.0
P17-NANDED SUPER FRANCHISEE,Billed Wt,Air,119.0
P17-NANDED SUPER FRANCHISEE,Volume,Ground,7046.0
P17-NANDED SUPER FRANCHISEE,Billed Wt,Ground,8087.0
P19-NASIK BRANCH,Volume,Air,6493.0
P19-NASIK BRANCH,Billed Wt,Air,10211.0
P19-NASIK BRANCH,Volume,Ground,44378.0
P19-NASIK BRANCH,Billed Wt,Ground,80497.0
P74-YEOLA SUPER FRANCHISEE,Volume,Air,1783.0
P74-YEOLA SUPER FRANCHISEE,Billed Wt,Air,2243.0
P74-YEOLA SUPER FRANCHISEE,Volume,Ground,4479.0
P74-YEOLA SUPER FRANCHISEE,Billed Wt,Ground,5189.0
P29-PANDHARPUR SORTING OFFICE,Volume,Air,44.0
P29-PANDHARPUR SORTING OFFICE,Billed Wt,Air,28.0
P29-PANDHARPUR SORTING OFFICE,Volume,Ground,2739.0
P29-PANDHARPUR SORTING OFFICE,Billed Wt,Ground,1395.0
P58-PARBHANI BRANCH,Volume,Air,118.0
P58-PARBHANI BRANCH,Billed Wt,Air,106.0
P58-PARBHANI BRANCH,Volume,Ground,1617.0
P58-PARBHANI BRANCH,Billed Wt,Ground,1816.0
P01-PUNE APEX,Volume,Air,573.0
P01-PUNE APEX,Billed Wt,Air,1000.0
P01-PUNE APEX,Volume,Ground,6236.0
P01-PUNE APEX,Billed Wt,Ground,18089.0
P04-PUNE PIMPRI BRANCH,Volume,Air,10275.0
P04-PUNE PIMPRI BRANCH,Billed Wt,Air,9367.0
P04-PUNE PIMPRI BRANCH,Volume,Ground,100569.0
P04-PUNE PIMPRI BRANCH,Billed Wt,Ground,132385.0
P12-PUNE SHIVAJI NAGAR BRANCH,Volume,Air,8130.0
P12-PUNE SHIVAJI NAGAR BRANCH,Billed Wt,Air,9928.0
P12-PUNE SHIVAJI NAGAR BRANCH,Volume,Ground,82868.0
P12-PUNE SHIVAJI NAGAR BRANCH,Billed Wt,Ground,85042.0
P15-MARKET YARD BRANCH,Volume,Air,21753.0
P15-MARKET YARD BRANCH,Billed Wt,Air,29449.0
P15-MARKET YARD BRANCH,Volume,Ground,43023.0
P15-MARKET YARD BRANCH,Billed Wt,Ground,79635.0
P22-WARJE BRANCH,Volume,Air,3750.0
P22-WARJE BRANCH,Billed Wt,Air,4118.0
P22-WARJE BRANCH,Volume,Ground,36625.0
P22-WARJE BRANCH,Billed Wt,Ground,69906.0
P24-WAGHOLI BRANCH,Volume,Air,5310.0
P24-WAGHOLI BRANCH,Billed Wt,Air,6643.0
P24-WAGHOLI BRANCH,Volume,Ground,27951.0
P24-WAGHOLI BRANCH,Billed Wt,Ground,46132.0
P27-PUNE - HADAPSAR ROAD MASTER FRANCHISEE,Volume,Air,11358.0
P27-PUNE - HADAPSAR ROAD MASTER FRANCHISEE,Billed Wt,Air,9835.0
P27-PUNE - HADAPSAR ROAD MASTER FRANCHISEE,Volume,Ground,35408.0
P27-PUNE - HADAPSAR ROAD MASTER FRANCHISEE,Billed Wt,Ground,48890.0
P44-PUNE DIGHI BRANCH,Volume,Air,299.0
P44-PUNE DIGHI BRANCH,Billed Wt,Air,5294.0
P44-PUNE DIGHI BRANCH,Volume,Ground,18318.0
P44-PUNE DIGHI BRANCH,Billed Wt,Ground,115760.0
P50-CHAKAN BRANCH,Volume,Air,6979.0
P50-CHAKAN BRANCH,Billed Wt,Air,14829.0
P50-CHAKAN BRANCH,Volume,Ground,25250.0
P50-CHAKAN BRANCH,Billed Wt,Ground,76860.0
P65-RANJANGAON BRANCH,Volume,Air,1357.0
P65-RANJANGAON BRANCH,Billed Wt,Air,4270.0
P65-RANJANGAON BRANCH,Volume,Ground,7234.0
P65-RANJANGAON BRANCH,Billed Wt,Ground,10293.0
P73-TALEGAON BRANCH,Volume,Air,1568.0
P73-TALEGAON BRANCH,Billed Wt,Air,1025.0
P73-TALEGAON BRANCH,Volume,Ground,7560.0
P73-TALEGAON BRANCH,Billed Wt,Ground,118811.0
P60-RATNAGIRI BRANCH,Volume,Air,320.0
P60-RATNAGIRI BRANCH,Billed Wt,Air,263.0
P60-RATNAGIRI BRANCH,Volume,Ground,1226.0
P60-RATNAGIRI BRANCH,Billed Wt,Ground,1761.0
P10-SANGLI SUPER FRANCHISEE,Volume,Air,722.0
P10-SANGLI SUPER FRANCHISEE,Billed Wt,Air,472.0
P10-SANGLI SUPER FRANCHISEE,Volume,Ground,12377.0
P10-SANGLI SUPER FRANCHISEE,Billed Wt,Ground,20324.0
P13-SATARA SUPER FRANCHISEE,Volume,Air,945.0
P13-SATARA SUPER FRANCHISEE,Billed Wt,Air,680.0
P13-SATARA SUPER FRANCHISEE,Volume,Ground,5518.0
P13-SATARA SUPER FRANCHISEE,Billed Wt,Ground,10695.0
P32-KARAD SORTING OFFICE,Volume,Air,145.0
P32-KARAD SORTING OFFICE,Billed Wt,Air,149.0
P32-KARAD SORTING OFFICE,Volume,Ground,2565.0
P32-KARAD SORTING OFFICE,Billed Wt,Ground,3642.0
P71-SHIRDI-NODAL POINT,Volume,Air,8.0
P71-SHIRDI-NODAL POINT,Billed Wt,Air,19.0
P71-SHIRDI-NODAL POINT,Volume,Ground,176.0
P71-SHIRDI-NODAL POINT,Billed Wt,Ground,353.0
P57-SHIRWAL BRANCH,Volume,Air,311.0
P57-SHIRWAL BRANCH,Billed Wt,Air,608.0
P57-SHIRWAL BRANCH,Volume,Ground,4232.0
P57-SHIRWAL BRANCH,Billed Wt,Ground,18025.0
P06-SOLAPUR BRANCH,Volume,Air,627.0
P06-SOLAPUR BRANCH,Billed Wt,Air,416.0
P06-SOLAPUR BRANCH,Volume,Ground,13510.0
P06-SOLAPUR BRANCH,Billed Wt,Ground,12949.0
P28-TEMBHURNI SORTING OFFICE,Volume,Air,52.0
P28-TEMBHURNI SORTING OFFICE,Billed Wt,Air,32.0
P28-TEMBHURNI SORTING OFFICE,Volume,Ground,2269.0
P28-TEMBHURNI SORTING OFFICE,Billed Wt,Ground,1309.0
